{
  "type": "FeatureCollection",
  "metadata": {
    "generated_utc": "2026-05-24T17:18:54.754768+00:00",
    "source": "https://raw.githubusercontent.com/mefferso/Flash-Flood-Guidance-Map/main/docs/data/threshold_grid.geojson",
    "method": "Converted local empirical threshold grid points to flood-prone polygons",
    "feature_count": 228
  },
  "features": [
    {
      "type": "Feature",
      "properties": {
        "duration": "3h",
        "threshold_3h_in": 3.95,
        "median_3h_in": 3.95,
        "mean_3h_in": 3.95,
        "weighted_mean_3h_in": 3.95,
        "min_3h_in": 3.92,
        "max_3h_in": 3.98,
        "event_count": 2,
        "threshold_category": "lower_sensitivity",
        "qc_flag": "ok",
        "qc_reason": "ok",
        "used_for_surface": true,
        "threshold_in": 3.95,
        "median_in": 3.95,
        "mean_in": 3.95,
        "weighted_mean_in": 3.95,
        "min_in": 3.92,
        "max_in": 3.98,
        "name": "Local empirical flash flood threshold cell",
        "source": "local_empirical_threshold_fallback",
        "source_url": "https://raw.githubusercontent.com/mefferso/Flash-Flood-Guidance-Map/main/docs/data/threshold_grid.geojson",
        "threshold_duration_hr": 3,
        "threshold_3hr_in": 3.95,
        "note": "Not official RFC Flash Flood Guidance. Derived from local empirical threshold grid for pipeline fallback/testing.",
        "susceptibility": "local empirical threshold"
      },
      "geometry": {
        "type": "Polygon",
        "coordinates": [
          [
            [
              -90.8,
              29.55
            ],
            [
              -90.7,
              29.55
            ],
            [
              -90.7,
              29.650000000000002
            ],
            [
              -90.8,
              29.650000000000002
            ],
            [
              -90.8,
              29.55
            ]
          ]
        ]
      }
    },
    {
      "type": "Feature",
      "properties": {
        "duration": "3h",
        "threshold_3h_in": 2.43,
        "median_3h_in": 2.43,
        "mean_3h_in": 2.5,
        "weighted_mean_3h_in": 2.5,
        "min_3h_in": 0.89,
        "max_3h_in": 4.41,
        "event_count": 6,
        "threshold_category": "moderate_sensitivity",
        "qc_flag": "ok",
        "qc_reason": "ok",
        "used_for_surface": true,
        "threshold_in": 2.43,
        "median_in": 2.43,
        "mean_in": 2.5,
        "weighted_mean_in": 2.5,
        "min_in": 0.89,
        "max_in": 4.41,
        "name": "Local empirical flash flood threshold cell",
        "source": "local_empirical_threshold_fallback",
        "source_url": "https://raw.githubusercontent.com/mefferso/Flash-Flood-Guidance-Map/main/docs/data/threshold_grid.geojson",
        "threshold_duration_hr": 3,
        "threshold_3hr_in": 2.43,
        "note": "Not official RFC Flash Flood Guidance. Derived from local empirical threshold grid for pipeline fallback/testing.",
        "susceptibility": "local empirical threshold"
      },
      "geometry": {
        "type": "Polygon",
        "coordinates": [
          [
            [
              -90.75,
              29.55
            ],
            [
              -90.65,
              29.55
            ],
            [
              -90.65,
              29.650000000000002
            ],
            [
              -90.75,
              29.650000000000002
            ],
            [
              -90.75,
              29.55
            ]
          ]
        ]
      }
    },
    {
      "type": "Feature",
      "properties": {
        "duration": "3h",
        "threshold_3h_in": 3.52,
        "median_3h_in": 3.52,
        "mean_3h_in": 3.52,
        "weighted_mean_3h_in": 3.52,
        "min_3h_in": 3.52,
        "max_3h_in": 3.52,
        "event_count": 1,
        "threshold_category": "lower_sensitivity",
        "qc_flag": "ok",
        "qc_reason": "ok",
        "used_for_surface": true,
        "threshold_in": 3.52,
        "median_in": 3.52,
        "mean_in": 3.52,
        "weighted_mean_in": 3.52,
        "min_in": 3.52,
        "max_in": 3.52,
        "name": "Local empirical flash flood threshold cell",
        "source": "local_empirical_threshold_fallback",
        "source_url": "https://raw.githubusercontent.com/mefferso/Flash-Flood-Guidance-Map/main/docs/data/threshold_grid.geojson",
        "threshold_duration_hr": 3,
        "threshold_3hr_in": 3.52,
        "note": "Not official RFC Flash Flood Guidance. Derived from local empirical threshold grid for pipeline fallback/testing.",
        "susceptibility": "local empirical threshold"
      },
      "geometry": {
        "type": "Polygon",
        "coordinates": [
          [
            [
              -90.60000000000001,
              29.650000000000002
            ],
            [
              -90.50000000000001,
              29.650000000000002
            ],
            [
              -90.50000000000001,
              29.750000000000004
            ],
            [
              -90.60000000000001,
              29.750000000000004
            ],
            [
              -90.60000000000001,
              29.650000000000002
            ]
          ]
        ]
      }
    },
    {
      "type": "Feature",
      "properties": {
        "duration": "3h",
        "threshold_3h_in": 3.09,
        "median_3h_in": 3.09,
        "mean_3h_in": 3.09,
        "weighted_mean_3h_in": 3.09,
        "min_3h_in": 3.09,
        "max_3h_in": 3.09,
        "event_count": 1,
        "threshold_category": "lower_sensitivity",
        "qc_flag": "ok",
        "qc_reason": "ok",
        "used_for_surface": true,
        "threshold_in": 3.09,
        "median_in": 3.09,
        "mean_in": 3.09,
        "weighted_mean_in": 3.09,
        "min_in": 3.09,
        "max_in": 3.09,
        "name": "Local empirical flash flood threshold cell",
        "source": "local_empirical_threshold_fallback",
        "source_url": "https://raw.githubusercontent.com/mefferso/Flash-Flood-Guidance-Map/main/docs/data/threshold_grid.geojson",
        "threshold_duration_hr": 3,
        "threshold_3hr_in": 3.09,
        "note": "Not official RFC Flash Flood Guidance. Derived from local empirical threshold grid for pipeline fallback/testing.",
        "susceptibility": "local empirical threshold"
      },
      "geometry": {
        "type": "Polygon",
        "coordinates": [
          [
            [
              -90.85000000000001,
              29.7
            ],
            [
              -90.75000000000001,
              29.7
            ],
            [
              -90.75000000000001,
              29.8
            ],
            [
              -90.85000000000001,
              29.8
            ],
            [
              -90.85000000000001,
              29.7
            ]
          ]
        ]
      }
    },
    {
      "type": "Feature",
      "properties": {
        "duration": "3h",
        "threshold_3h_in": 3.26,
        "median_3h_in": 3.26,
        "mean_3h_in": 3.26,
        "weighted_mean_3h_in": 3.26,
        "min_3h_in": 3.26,
        "max_3h_in": 3.26,
        "event_count": 1,
        "threshold_category": "lower_sensitivity",
        "qc_flag": "ok",
        "qc_reason": "ok",
        "used_for_surface": true,
        "threshold_in": 3.26,
        "median_in": 3.26,
        "mean_in": 3.26,
        "weighted_mean_in": 3.26,
        "min_in": 3.26,
        "max_in": 3.26,
        "name": "Local empirical flash flood threshold cell",
        "source": "local_empirical_threshold_fallback",
        "source_url": "https://raw.githubusercontent.com/mefferso/Flash-Flood-Guidance-Map/main/docs/data/threshold_grid.geojson",
        "threshold_duration_hr": 3,
        "threshold_3hr_in": 3.26,
        "note": "Not official RFC Flash Flood Guidance. Derived from local empirical threshold grid for pipeline fallback/testing.",
        "susceptibility": "local empirical threshold"
      },
      "geometry": {
        "type": "Polygon",
        "coordinates": [
          [
            [
              -90.9,
              29.75
            ],
            [
              -90.80000000000001,
              29.75
            ],
            [
              -90.80000000000001,
              29.85
            ],
            [
              -90.9,
              29.85
            ],
            [
              -90.9,
              29.75
            ]
          ]
        ]
      }
    },
    {
      "type": "Feature",
      "properties": {
        "duration": "3h",
        "threshold_3h_in": 3.15,
        "median_3h_in": 3.15,
        "mean_3h_in": 3.15,
        "weighted_mean_3h_in": 3.15,
        "min_3h_in": 3.04,
        "max_3h_in": 3.28,
        "event_count": 3,
        "threshold_category": "lower_sensitivity",
        "qc_flag": "ok",
        "qc_reason": "ok",
        "used_for_surface": true,
        "threshold_in": 3.15,
        "median_in": 3.15,
        "mean_in": 3.15,
        "weighted_mean_in": 3.15,
        "min_in": 3.04,
        "max_in": 3.28,
        "name": "Local empirical flash flood threshold cell",
        "source": "local_empirical_threshold_fallback",
        "source_url": "https://raw.githubusercontent.com/mefferso/Flash-Flood-Guidance-Map/main/docs/data/threshold_grid.geojson",
        "threshold_duration_hr": 3,
        "threshold_3hr_in": 3.15,
        "note": "Not official RFC Flash Flood Guidance. Derived from local empirical threshold grid for pipeline fallback/testing.",
        "susceptibility": "local empirical threshold"
      },
      "geometry": {
        "type": "Polygon",
        "coordinates": [
          [
            [
              -90.85000000000001,
              29.75
            ],
            [
              -90.75000000000001,
              29.75
            ],
            [
              -90.75000000000001,
              29.85
            ],
            [
              -90.85000000000001,
              29.85
            ],
            [
              -90.85000000000001,
              29.75
            ]
          ]
        ]
      }
    },
    {
      "type": "Feature",
      "properties": {
        "duration": "3h",
        "threshold_3h_in": 4.62,
        "median_3h_in": 4.62,
        "mean_3h_in": 4.62,
        "weighted_mean_3h_in": 4.62,
        "min_3h_in": 4.62,
        "max_3h_in": 4.62,
        "event_count": 1,
        "threshold_category": "least_sensitive",
        "qc_flag": "ok",
        "qc_reason": "ok",
        "used_for_surface": true,
        "threshold_in": 4.62,
        "median_in": 4.62,
        "mean_in": 4.62,
        "weighted_mean_in": 4.62,
        "min_in": 4.62,
        "max_in": 4.62,
        "name": "Local empirical flash flood threshold cell",
        "source": "local_empirical_threshold_fallback",
        "source_url": "https://raw.githubusercontent.com/mefferso/Flash-Flood-Guidance-Map/main/docs/data/threshold_grid.geojson",
        "threshold_duration_hr": 3,
        "threshold_3hr_in": 4.62,
        "note": "Not official RFC Flash Flood Guidance. Derived from local empirical threshold grid for pipeline fallback/testing.",
        "susceptibility": "local empirical threshold"
      },
      "geometry": {
        "type": "Polygon",
        "coordinates": [
          [
            [
              -90.95,
              29.8
            ],
            [
              -90.85000000000001,
              29.8
            ],
            [
              -90.85000000000001,
              29.900000000000002
            ],
            [
              -90.95,
              29.900000000000002
            ],
            [
              -90.95,
              29.8
            ]
          ]
        ]
      }
    },
    {
      "type": "Feature",
      "properties": {
        "duration": "3h",
        "threshold_3h_in": 1.86,
        "median_3h_in": 1.86,
        "mean_3h_in": 1.86,
        "weighted_mean_3h_in": 1.86,
        "min_3h_in": 0.0,
        "max_3h_in": 3.73,
        "event_count": 2,
        "threshold_category": "high_sensitivity",
        "qc_flag": "ok",
        "qc_reason": "ok",
        "used_for_surface": true,
        "threshold_in": 1.86,
        "median_in": 1.86,
        "mean_in": 1.86,
        "weighted_mean_in": 1.86,
        "min_in": 0.0,
        "max_in": 3.73,
        "name": "Local empirical flash flood threshold cell",
        "source": "local_empirical_threshold_fallback",
        "source_url": "https://raw.githubusercontent.com/mefferso/Flash-Flood-Guidance-Map/main/docs/data/threshold_grid.geojson",
        "threshold_duration_hr": 3,
        "threshold_3hr_in": 1.86,
        "note": "Not official RFC Flash Flood Guidance. Derived from local empirical threshold grid for pipeline fallback/testing.",
        "susceptibility": "local empirical threshold"
      },
      "geometry": {
        "type": "Polygon",
        "coordinates": [
          [
            [
              -90.5,
              29.8
            ],
            [
              -90.4,
              29.8
            ],
            [
              -90.4,
              29.900000000000002
            ],
            [
              -90.5,
              29.900000000000002
            ],
            [
              -90.5,
              29.8
            ]
          ]
        ]
      }
    },
    {
      "type": "Feature",
      "properties": {
        "duration": "3h",
        "threshold_3h_in": 1.41,
        "median_3h_in": 1.41,
        "mean_3h_in": 1.41,
        "weighted_mean_3h_in": 1.41,
        "min_3h_in": 1.41,
        "max_3h_in": 1.41,
        "event_count": 1,
        "threshold_category": "high_sensitivity",
        "qc_flag": "ok",
        "qc_reason": "ok",
        "used_for_surface": true,
        "threshold_in": 1.41,
        "median_in": 1.41,
        "mean_in": 1.41,
        "weighted_mean_in": 1.41,
        "min_in": 1.41,
        "max_in": 1.41,
        "name": "Local empirical flash flood threshold cell",
        "source": "local_empirical_threshold_fallback",
        "source_url": "https://raw.githubusercontent.com/mefferso/Flash-Flood-Guidance-Map/main/docs/data/threshold_grid.geojson",
        "threshold_duration_hr": 3,
        "threshold_3hr_in": 1.41,
        "note": "Not official RFC Flash Flood Guidance. Derived from local empirical threshold grid for pipeline fallback/testing.",
        "susceptibility": "local empirical threshold"
      },
      "geometry": {
        "type": "Polygon",
        "coordinates": [
          [
            [
              -90.15,
              29.8
            ],
            [
              -90.05000000000001,
              29.8
            ],
            [
              -90.05000000000001,
              29.900000000000002
            ],
            [
              -90.15,
              29.900000000000002
            ],
            [
              -90.15,
              29.8
            ]
          ]
        ]
      }
    },
    {
      "type": "Feature",
      "properties": {
        "duration": "3h",
        "threshold_3h_in": 2.31,
        "median_3h_in": 2.31,
        "mean_3h_in": 2.31,
        "weighted_mean_3h_in": 2.31,
        "min_3h_in": 2.31,
        "max_3h_in": 2.31,
        "event_count": 1,
        "threshold_category": "moderate_sensitivity",
        "qc_flag": "ok",
        "qc_reason": "ok",
        "used_for_surface": true,
        "threshold_in": 2.31,
        "median_in": 2.31,
        "mean_in": 2.31,
        "weighted_mean_in": 2.31,
        "min_in": 2.31,
        "max_in": 2.31,
        "name": "Local empirical flash flood threshold cell",
        "source": "local_empirical_threshold_fallback",
        "source_url": "https://raw.githubusercontent.com/mefferso/Flash-Flood-Guidance-Map/main/docs/data/threshold_grid.geojson",
        "threshold_duration_hr": 3,
        "threshold_3hr_in": 2.31,
        "note": "Not official RFC Flash Flood Guidance. Derived from local empirical threshold grid for pipeline fallback/testing.",
        "susceptibility": "local empirical threshold"
      },
      "geometry": {
        "type": "Polygon",
        "coordinates": [
          [
            [
              -90.10000000000001,
              29.8
            ],
            [
              -90.00000000000001,
              29.8
            ],
            [
              -90.00000000000001,
              29.900000000000002
            ],
            [
              -90.10000000000001,
              29.900000000000002
            ],
            [
              -90.10000000000001,
              29.8
            ]
          ]
        ]
      }
    },
    {
      "type": "Feature",
      "properties": {
        "duration": "3h",
        "threshold_3h_in": 3.0,
        "median_3h_in": 3.0,
        "mean_3h_in": 3.0,
        "weighted_mean_3h_in": 3.0,
        "min_3h_in": 3.0,
        "max_3h_in": 3.0,
        "event_count": 1,
        "threshold_category": "moderate_sensitivity",
        "qc_flag": "ok",
        "qc_reason": "ok",
        "used_for_surface": true,
        "threshold_in": 3.0,
        "median_in": 3.0,
        "mean_in": 3.0,
        "weighted_mean_in": 3.0,
        "min_in": 3.0,
        "max_in": 3.0,
        "name": "Local empirical flash flood threshold cell",
        "source": "local_empirical_threshold_fallback",
        "source_url": "https://raw.githubusercontent.com/mefferso/Flash-Flood-Guidance-Map/main/docs/data/threshold_grid.geojson",
        "threshold_duration_hr": 3,
        "threshold_3hr_in": 3.0,
        "note": "Not official RFC Flash Flood Guidance. Derived from local empirical threshold grid for pipeline fallback/testing.",
        "susceptibility": "local empirical threshold"
      },
      "geometry": {
        "type": "Polygon",
        "coordinates": [
          [
            [
              -90.9,
              29.85
            ],
            [
              -90.80000000000001,
              29.85
            ],
            [
              -90.80000000000001,
              29.950000000000003
            ],
            [
              -90.9,
              29.950000000000003
            ],
            [
              -90.9,
              29.85
            ]
          ]
        ]
      }
    },
    {
      "type": "Feature",
      "properties": {
        "duration": "3h",
        "threshold_3h_in": 2.06,
        "median_3h_in": 2.06,
        "mean_3h_in": 2.06,
        "weighted_mean_3h_in": 2.06,
        "min_3h_in": 2.06,
        "max_3h_in": 2.06,
        "event_count": 1,
        "threshold_category": "moderate_sensitivity",
        "qc_flag": "ok",
        "qc_reason": "ok",
        "used_for_surface": true,
        "threshold_in": 2.06,
        "median_in": 2.06,
        "mean_in": 2.06,
        "weighted_mean_in": 2.06,
        "min_in": 2.06,
        "max_in": 2.06,
        "name": "Local empirical flash flood threshold cell",
        "source": "local_empirical_threshold_fallback",
        "source_url": "https://raw.githubusercontent.com/mefferso/Flash-Flood-Guidance-Map/main/docs/data/threshold_grid.geojson",
        "threshold_duration_hr": 3,
        "threshold_3hr_in": 2.06,
        "note": "Not official RFC Flash Flood Guidance. Derived from local empirical threshold grid for pipeline fallback/testing.",
        "susceptibility": "local empirical threshold"
      },
      "geometry": {
        "type": "Polygon",
        "coordinates": [
          [
            [
              -90.45,
              29.85
            ],
            [
              -90.35000000000001,
              29.85
            ],
            [
              -90.35000000000001,
              29.950000000000003
            ],
            [
              -90.45,
              29.950000000000003
            ],
            [
              -90.45,
              29.85
            ]
          ]
        ]
      }
    },
    {
      "type": "Feature",
      "properties": {
        "duration": "3h",
        "threshold_3h_in": 2.19,
        "median_3h_in": 2.19,
        "mean_3h_in": 2.19,
        "weighted_mean_3h_in": 2.19,
        "min_3h_in": 1.91,
        "max_3h_in": 2.48,
        "event_count": 2,
        "threshold_category": "moderate_sensitivity",
        "qc_flag": "ok",
        "qc_reason": "ok",
        "used_for_surface": true,
        "threshold_in": 2.19,
        "median_in": 2.19,
        "mean_in": 2.19,
        "weighted_mean_in": 2.19,
        "min_in": 1.91,
        "max_in": 2.48,
        "name": "Local empirical flash flood threshold cell",
        "source": "local_empirical_threshold_fallback",
        "source_url": "https://raw.githubusercontent.com/mefferso/Flash-Flood-Guidance-Map/main/docs/data/threshold_grid.geojson",
        "threshold_duration_hr": 3,
        "threshold_3hr_in": 2.19,
        "note": "Not official RFC Flash Flood Guidance. Derived from local empirical threshold grid for pipeline fallback/testing.",
        "susceptibility": "local empirical threshold"
      },
      "geometry": {
        "type": "Polygon",
        "coordinates": [
          [
            [
              -90.4,
              29.85
            ],
            [
              -90.30000000000001,
              29.85
            ],
            [
              -90.30000000000001,
              29.950000000000003
            ],
            [
              -90.4,
              29.950000000000003
            ],
            [
              -90.4,
              29.85
            ]
          ]
        ]
      }
    },
    {
      "type": "Feature",
      "properties": {
        "duration": "3h",
        "threshold_3h_in": 1.04,
        "median_3h_in": 1.04,
        "mean_3h_in": 1.04,
        "weighted_mean_3h_in": 1.04,
        "min_3h_in": 1.04,
        "max_3h_in": 1.04,
        "event_count": 1,
        "threshold_category": "high_sensitivity",
        "qc_flag": "suspect_threshold",
        "qc_reason": "3h threshold below 1.20 inch",
        "used_for_surface": false,
        "threshold_in": 1.04,
        "median_in": 1.04,
        "mean_in": 1.04,
        "weighted_mean_in": 1.04,
        "min_in": 1.04,
        "max_in": 1.04,
        "name": "Local empirical flash flood threshold cell",
        "source": "local_empirical_threshold_fallback",
        "source_url": "https://raw.githubusercontent.com/mefferso/Flash-Flood-Guidance-Map/main/docs/data/threshold_grid.geojson",
        "threshold_duration_hr": 3,
        "threshold_3hr_in": 1.04,
        "note": "Not official RFC Flash Flood Guidance. Derived from local empirical threshold grid for pipeline fallback/testing.",
        "susceptibility": "local empirical threshold"
      },
      "geometry": {
        "type": "Polygon",
        "coordinates": [
          [
            [
              -90.25,
              29.85
            ],
            [
              -90.15,
              29.85
            ],
            [
              -90.15,
              29.950000000000003
            ],
            [
              -90.25,
              29.950000000000003
            ],
            [
              -90.25,
              29.85
            ]
          ]
        ]
      }
    },
    {
      "type": "Feature",
      "properties": {
        "duration": "3h",
        "threshold_3h_in": 0.19,
        "median_3h_in": 0.19,
        "mean_3h_in": 0.19,
        "weighted_mean_3h_in": 0.19,
        "min_3h_in": 0.19,
        "max_3h_in": 0.19,
        "event_count": 1,
        "threshold_category": "high_sensitivity",
        "qc_flag": "suspect_threshold",
        "qc_reason": "3h threshold below 1.20 inch",
        "used_for_surface": false,
        "threshold_in": 0.19,
        "median_in": 0.19,
        "mean_in": 0.19,
        "weighted_mean_in": 0.19,
        "min_in": 0.19,
        "max_in": 0.19,
        "name": "Local empirical flash flood threshold cell",
        "source": "local_empirical_threshold_fallback",
        "source_url": "https://raw.githubusercontent.com/mefferso/Flash-Flood-Guidance-Map/main/docs/data/threshold_grid.geojson",
        "threshold_duration_hr": 3,
        "threshold_3hr_in": 0.19,
        "note": "Not official RFC Flash Flood Guidance. Derived from local empirical threshold grid for pipeline fallback/testing.",
        "susceptibility": "local empirical threshold"
      },
      "geometry": {
        "type": "Polygon",
        "coordinates": [
          [
            [
              -90.2,
              29.85
            ],
            [
              -90.10000000000001,
              29.85
            ],
            [
              -90.10000000000001,
              29.950000000000003
            ],
            [
              -90.2,
              29.950000000000003
            ],
            [
              -90.2,
              29.85
            ]
          ]
        ]
      }
    },
    {
      "type": "Feature",
      "properties": {
        "duration": "3h",
        "threshold_3h_in": 1.65,
        "median_3h_in": 1.65,
        "mean_3h_in": 1.36,
        "weighted_mean_3h_in": 1.36,
        "min_3h_in": 0.61,
        "max_3h_in": 1.78,
        "event_count": 7,
        "threshold_category": "high_sensitivity",
        "qc_flag": "ok",
        "qc_reason": "ok",
        "used_for_surface": true,
        "threshold_in": 1.65,
        "median_in": 1.65,
        "mean_in": 1.36,
        "weighted_mean_in": 1.36,
        "min_in": 0.61,
        "max_in": 1.78,
        "name": "Local empirical flash flood threshold cell",
        "source": "local_empirical_threshold_fallback",
        "source_url": "https://raw.githubusercontent.com/mefferso/Flash-Flood-Guidance-Map/main/docs/data/threshold_grid.geojson",
        "threshold_duration_hr": 3,
        "threshold_3hr_in": 1.65,
        "note": "Not official RFC Flash Flood Guidance. Derived from local empirical threshold grid for pipeline fallback/testing.",
        "susceptibility": "local empirical threshold"
      },
      "geometry": {
        "type": "Polygon",
        "coordinates": [
          [
            [
              -90.15,
              29.85
            ],
            [
              -90.05000000000001,
              29.85
            ],
            [
              -90.05000000000001,
              29.950000000000003
            ],
            [
              -90.15,
              29.950000000000003
            ],
            [
              -90.15,
              29.85
            ]
          ]
        ]
      }
    },
    {
      "type": "Feature",
      "properties": {
        "duration": "3h",
        "threshold_3h_in": 3.03,
        "median_3h_in": 3.03,
        "mean_3h_in": 3.19,
        "weighted_mean_3h_in": 3.19,
        "min_3h_in": 1.55,
        "max_3h_in": 5.2,
        "event_count": 8,
        "threshold_category": "lower_sensitivity",
        "qc_flag": "ok",
        "qc_reason": "ok",
        "used_for_surface": true,
        "threshold_in": 3.03,
        "median_in": 3.03,
        "mean_in": 3.19,
        "weighted_mean_in": 3.19,
        "min_in": 1.55,
        "max_in": 5.2,
        "name": "Local empirical flash flood threshold cell",
        "source": "local_empirical_threshold_fallback",
        "source_url": "https://raw.githubusercontent.com/mefferso/Flash-Flood-Guidance-Map/main/docs/data/threshold_grid.geojson",
        "threshold_duration_hr": 3,
        "threshold_3hr_in": 3.03,
        "note": "Not official RFC Flash Flood Guidance. Derived from local empirical threshold grid for pipeline fallback/testing.",
        "susceptibility": "local empirical threshold"
      },
      "geometry": {
        "type": "Polygon",
        "coordinates": [
          [
            [
              -90.10000000000001,
              29.85
            ],
            [
              -90.00000000000001,
              29.85
            ],
            [
              -90.00000000000001,
              29.950000000000003
            ],
            [
              -90.10000000000001,
              29.950000000000003
            ],
            [
              -90.10000000000001,
              29.85
            ]
          ]
        ]
      }
    },
    {
      "type": "Feature",
      "properties": {
        "duration": "3h",
        "threshold_3h_in": 1.41,
        "median_3h_in": 1.41,
        "mean_3h_in": 1.5,
        "weighted_mean_3h_in": 1.5,
        "min_3h_in": 0.37,
        "max_3h_in": 3.59,
        "event_count": 6,
        "threshold_category": "high_sensitivity",
        "qc_flag": "ok",
        "qc_reason": "ok",
        "used_for_surface": true,
        "threshold_in": 1.41,
        "median_in": 1.41,
        "mean_in": 1.5,
        "weighted_mean_in": 1.5,
        "min_in": 0.37,
        "max_in": 3.59,
        "name": "Local empirical flash flood threshold cell",
        "source": "local_empirical_threshold_fallback",
        "source_url": "https://raw.githubusercontent.com/mefferso/Flash-Flood-Guidance-Map/main/docs/data/threshold_grid.geojson",
        "threshold_duration_hr": 3,
        "threshold_3hr_in": 1.41,
        "note": "Not official RFC Flash Flood Guidance. Derived from local empirical threshold grid for pipeline fallback/testing.",
        "susceptibility": "local empirical threshold"
      },
      "geometry": {
        "type": "Polygon",
        "coordinates": [
          [
            [
              -90.05,
              29.85
            ],
            [
              -89.95,
              29.85
            ],
            [
              -89.95,
              29.950000000000003
            ],
            [
              -90.05,
              29.950000000000003
            ],
            [
              -90.05,
              29.85
            ]
          ]
        ]
      }
    },
    {
      "type": "Feature",
      "properties": {
        "duration": "3h",
        "threshold_3h_in": 1.24,
        "median_3h_in": 1.24,
        "mean_3h_in": 1.24,
        "weighted_mean_3h_in": 1.24,
        "min_3h_in": 1.24,
        "max_3h_in": 1.24,
        "event_count": 1,
        "threshold_category": "high_sensitivity",
        "qc_flag": "ok",
        "qc_reason": "ok",
        "used_for_surface": true,
        "threshold_in": 1.24,
        "median_in": 1.24,
        "mean_in": 1.24,
        "weighted_mean_in": 1.24,
        "min_in": 1.24,
        "max_in": 1.24,
        "name": "Local empirical flash flood threshold cell",
        "source": "local_empirical_threshold_fallback",
        "source_url": "https://raw.githubusercontent.com/mefferso/Flash-Flood-Guidance-Map/main/docs/data/threshold_grid.geojson",
        "threshold_duration_hr": 3,
        "threshold_3hr_in": 1.24,
        "note": "Not official RFC Flash Flood Guidance. Derived from local empirical threshold grid for pipeline fallback/testing.",
        "susceptibility": "local empirical threshold"
      },
      "geometry": {
        "type": "Polygon",
        "coordinates": [
          [
            [
              -89.95,
              29.85
            ],
            [
              -89.85000000000001,
              29.85
            ],
            [
              -89.85000000000001,
              29.950000000000003
            ],
            [
              -89.95,
              29.950000000000003
            ],
            [
              -89.95,
              29.85
            ]
          ]
        ]
      }
    },
    {
      "type": "Feature",
      "properties": {
        "duration": "3h",
        "threshold_3h_in": 3.39,
        "median_3h_in": 3.39,
        "mean_3h_in": 3.39,
        "weighted_mean_3h_in": 3.39,
        "min_3h_in": 3.39,
        "max_3h_in": 3.39,
        "event_count": 1,
        "threshold_category": "lower_sensitivity",
        "qc_flag": "ok",
        "qc_reason": "ok",
        "used_for_surface": true,
        "threshold_in": 3.39,
        "median_in": 3.39,
        "mean_in": 3.39,
        "weighted_mean_in": 3.39,
        "min_in": 3.39,
        "max_in": 3.39,
        "name": "Local empirical flash flood threshold cell",
        "source": "local_empirical_threshold_fallback",
        "source_url": "https://raw.githubusercontent.com/mefferso/Flash-Flood-Guidance-Map/main/docs/data/threshold_grid.geojson",
        "threshold_duration_hr": 3,
        "threshold_3hr_in": 3.39,
        "note": "Not official RFC Flash Flood Guidance. Derived from local empirical threshold grid for pipeline fallback/testing.",
        "susceptibility": "local empirical threshold"
      },
      "geometry": {
        "type": "Polygon",
        "coordinates": [
          [
            [
              -90.5,
              29.900000000000002
            ],
            [
              -90.4,
              29.900000000000002
            ],
            [
              -90.4,
              30.000000000000004
            ],
            [
              -90.5,
              30.000000000000004
            ],
            [
              -90.5,
              29.900000000000002
            ]
          ]
        ]
      }
    },
    {
      "type": "Feature",
      "properties": {
        "duration": "3h",
        "threshold_3h_in": 2.79,
        "median_3h_in": 2.79,
        "mean_3h_in": 2.56,
        "weighted_mean_3h_in": 2.56,
        "min_3h_in": 0.29,
        "max_3h_in": 3.71,
        "event_count": 6,
        "threshold_category": "moderate_sensitivity",
        "qc_flag": "ok",
        "qc_reason": "ok",
        "used_for_surface": true,
        "threshold_in": 2.79,
        "median_in": 2.79,
        "mean_in": 2.56,
        "weighted_mean_in": 2.56,
        "min_in": 0.29,
        "max_in": 3.71,
        "name": "Local empirical flash flood threshold cell",
        "source": "local_empirical_threshold_fallback",
        "source_url": "https://raw.githubusercontent.com/mefferso/Flash-Flood-Guidance-Map/main/docs/data/threshold_grid.geojson",
        "threshold_duration_hr": 3,
        "threshold_3hr_in": 2.79,
        "note": "Not official RFC Flash Flood Guidance. Derived from local empirical threshold grid for pipeline fallback/testing.",
        "susceptibility": "local empirical threshold"
      },
      "geometry": {
        "type": "Polygon",
        "coordinates": [
          [
            [
              -90.45,
              29.900000000000002
            ],
            [
              -90.35000000000001,
              29.900000000000002
            ],
            [
              -90.35000000000001,
              30.000000000000004
            ],
            [
              -90.45,
              30.000000000000004
            ],
            [
              -90.45,
              29.900000000000002
            ]
          ]
        ]
      }
    },
    {
      "type": "Feature",
      "properties": {
        "duration": "3h",
        "threshold_3h_in": 2.71,
        "median_3h_in": 2.71,
        "mean_3h_in": 2.69,
        "weighted_mean_3h_in": 2.69,
        "min_3h_in": 0.87,
        "max_3h_in": 4.32,
        "event_count": 9,
        "threshold_category": "moderate_sensitivity",
        "qc_flag": "ok",
        "qc_reason": "ok",
        "used_for_surface": true,
        "threshold_in": 2.71,
        "median_in": 2.71,
        "mean_in": 2.69,
        "weighted_mean_in": 2.69,
        "min_in": 0.87,
        "max_in": 4.32,
        "name": "Local empirical flash flood threshold cell",
        "source": "local_empirical_threshold_fallback",
        "source_url": "https://raw.githubusercontent.com/mefferso/Flash-Flood-Guidance-Map/main/docs/data/threshold_grid.geojson",
        "threshold_duration_hr": 3,
        "threshold_3hr_in": 2.71,
        "note": "Not official RFC Flash Flood Guidance. Derived from local empirical threshold grid for pipeline fallback/testing.",
        "susceptibility": "local empirical threshold"
      },
      "geometry": {
        "type": "Polygon",
        "coordinates": [
          [
            [
              -90.4,
              29.900000000000002
            ],
            [
              -90.30000000000001,
              29.900000000000002
            ],
            [
              -90.30000000000001,
              30.000000000000004
            ],
            [
              -90.4,
              30.000000000000004
            ],
            [
              -90.4,
              29.900000000000002
            ]
          ]
        ]
      }
    },
    {
      "type": "Feature",
      "properties": {
        "duration": "3h",
        "threshold_3h_in": 1.71,
        "median_3h_in": 1.71,
        "mean_3h_in": 1.8,
        "weighted_mean_3h_in": 1.8,
        "min_3h_in": 0.15,
        "max_3h_in": 3.21,
        "event_count": 5,
        "threshold_category": "high_sensitivity",
        "qc_flag": "ok",
        "qc_reason": "ok",
        "used_for_surface": true,
        "threshold_in": 1.71,
        "median_in": 1.71,
        "mean_in": 1.8,
        "weighted_mean_in": 1.8,
        "min_in": 0.15,
        "max_in": 3.21,
        "name": "Local empirical flash flood threshold cell",
        "source": "local_empirical_threshold_fallback",
        "source_url": "https://raw.githubusercontent.com/mefferso/Flash-Flood-Guidance-Map/main/docs/data/threshold_grid.geojson",
        "threshold_duration_hr": 3,
        "threshold_3hr_in": 1.71,
        "note": "Not official RFC Flash Flood Guidance. Derived from local empirical threshold grid for pipeline fallback/testing.",
        "susceptibility": "local empirical threshold"
      },
      "geometry": {
        "type": "Polygon",
        "coordinates": [
          [
            [
              -90.35000000000001,
              29.900000000000002
            ],
            [
              -90.25000000000001,
              29.900000000000002
            ],
            [
              -90.25000000000001,
              30.000000000000004
            ],
            [
              -90.35000000000001,
              30.000000000000004
            ],
            [
              -90.35000000000001,
              29.900000000000002
            ]
          ]
        ]
      }
    },
    {
      "type": "Feature",
      "properties": {
        "duration": "3h",
        "threshold_3h_in": 1.19,
        "median_3h_in": 1.19,
        "mean_3h_in": 1.19,
        "weighted_mean_3h_in": 1.19,
        "min_3h_in": 0.69,
        "max_3h_in": 1.7,
        "event_count": 2,
        "threshold_category": "high_sensitivity",
        "qc_flag": "suspect_threshold",
        "qc_reason": "3h threshold below 1.20 inch",
        "used_for_surface": false,
        "threshold_in": 1.19,
        "median_in": 1.19,
        "mean_in": 1.19,
        "weighted_mean_in": 1.19,
        "min_in": 0.69,
        "max_in": 1.7,
        "name": "Local empirical flash flood threshold cell",
        "source": "local_empirical_threshold_fallback",
        "source_url": "https://raw.githubusercontent.com/mefferso/Flash-Flood-Guidance-Map/main/docs/data/threshold_grid.geojson",
        "threshold_duration_hr": 3,
        "threshold_3hr_in": 1.19,
        "note": "Not official RFC Flash Flood Guidance. Derived from local empirical threshold grid for pipeline fallback/testing.",
        "susceptibility": "local empirical threshold"
      },
      "geometry": {
        "type": "Polygon",
        "coordinates": [
          [
            [
              -90.3,
              29.900000000000002
            ],
            [
              -90.2,
              29.900000000000002
            ],
            [
              -90.2,
              30.000000000000004
            ],
            [
              -90.3,
              30.000000000000004
            ],
            [
              -90.3,
              29.900000000000002
            ]
          ]
        ]
      }
    },
    {
      "type": "Feature",
      "properties": {
        "duration": "3h",
        "threshold_3h_in": 1.06,
        "median_3h_in": 1.06,
        "mean_3h_in": 1.24,
        "weighted_mean_3h_in": 1.24,
        "min_3h_in": 0.42,
        "max_3h_in": 1.93,
        "event_count": 14,
        "threshold_category": "high_sensitivity",
        "qc_flag": "suspect_threshold",
        "qc_reason": "3h threshold below 1.20 inch",
        "used_for_surface": false,
        "threshold_in": 1.06,
        "median_in": 1.06,
        "mean_in": 1.24,
        "weighted_mean_in": 1.24,
        "min_in": 0.42,
        "max_in": 1.93,
        "name": "Local empirical flash flood threshold cell",
        "source": "local_empirical_threshold_fallback",
        "source_url": "https://raw.githubusercontent.com/mefferso/Flash-Flood-Guidance-Map/main/docs/data/threshold_grid.geojson",
        "threshold_duration_hr": 3,
        "threshold_3hr_in": 1.06,
        "note": "Not official RFC Flash Flood Guidance. Derived from local empirical threshold grid for pipeline fallback/testing.",
        "susceptibility": "local empirical threshold"
      },
      "geometry": {
        "type": "Polygon",
        "coordinates": [
          [
            [
              -90.25,
              29.900000000000002
            ],
            [
              -90.15,
              29.900000000000002
            ],
            [
              -90.15,
              30.000000000000004
            ],
            [
              -90.25,
              30.000000000000004
            ],
            [
              -90.25,
              29.900000000000002
            ]
          ]
        ]
      }
    },
    {
      "type": "Feature",
      "properties": {
        "duration": "3h",
        "threshold_3h_in": 2.09,
        "median_3h_in": 2.09,
        "mean_3h_in": 2.12,
        "weighted_mean_3h_in": 2.12,
        "min_3h_in": 0.64,
        "max_3h_in": 3.4,
        "event_count": 10,
        "threshold_category": "moderate_sensitivity",
        "qc_flag": "ok",
        "qc_reason": "ok",
        "used_for_surface": true,
        "threshold_in": 2.09,
        "median_in": 2.09,
        "mean_in": 2.12,
        "weighted_mean_in": 2.12,
        "min_in": 0.64,
        "max_in": 3.4,
        "name": "Local empirical flash flood threshold cell",
        "source": "local_empirical_threshold_fallback",
        "source_url": "https://raw.githubusercontent.com/mefferso/Flash-Flood-Guidance-Map/main/docs/data/threshold_grid.geojson",
        "threshold_duration_hr": 3,
        "threshold_3hr_in": 2.09,
        "note": "Not official RFC Flash Flood Guidance. Derived from local empirical threshold grid for pipeline fallback/testing.",
        "susceptibility": "local empirical threshold"
      },
      "geometry": {
        "type": "Polygon",
        "coordinates": [
          [
            [
              -90.2,
              29.900000000000002
            ],
            [
              -90.10000000000001,
              29.900000000000002
            ],
            [
              -90.10000000000001,
              30.000000000000004
            ],
            [
              -90.2,
              30.000000000000004
            ],
            [
              -90.2,
              29.900000000000002
            ]
          ]
        ]
      }
    },
    {
      "type": "Feature",
      "properties": {
        "duration": "3h",
        "threshold_3h_in": 1.33,
        "median_3h_in": 1.33,
        "mean_3h_in": 1.27,
        "weighted_mean_3h_in": 1.27,
        "min_3h_in": 0.04,
        "max_3h_in": 3.9,
        "event_count": 35,
        "threshold_category": "high_sensitivity",
        "qc_flag": "ok",
        "qc_reason": "ok",
        "used_for_surface": true,
        "threshold_in": 1.33,
        "median_in": 1.33,
        "mean_in": 1.27,
        "weighted_mean_in": 1.27,
        "min_in": 0.04,
        "max_in": 3.9,
        "name": "Local empirical flash flood threshold cell",
        "source": "local_empirical_threshold_fallback",
        "source_url": "https://raw.githubusercontent.com/mefferso/Flash-Flood-Guidance-Map/main/docs/data/threshold_grid.geojson",
        "threshold_duration_hr": 3,
        "threshold_3hr_in": 1.33,
        "note": "Not official RFC Flash Flood Guidance. Derived from local empirical threshold grid for pipeline fallback/testing.",
        "susceptibility": "local empirical threshold"
      },
      "geometry": {
        "type": "Polygon",
        "coordinates": [
          [
            [
              -90.15,
              29.900000000000002
            ],
            [
              -90.05000000000001,
              29.900000000000002
            ],
            [
              -90.05000000000001,
              30.000000000000004
            ],
            [
              -90.15,
              30.000000000000004
            ],
            [
              -90.15,
              29.900000000000002
            ]
          ]
        ]
      }
    },
    {
      "type": "Feature",
      "properties": {
        "duration": "3h",
        "threshold_3h_in": 1.18,
        "median_3h_in": 1.18,
        "mean_3h_in": 1.52,
        "weighted_mean_3h_in": 1.52,
        "min_3h_in": 0.02,
        "max_3h_in": 5.14,
        "event_count": 34,
        "threshold_category": "high_sensitivity",
        "qc_flag": "suspect_threshold",
        "qc_reason": "3h threshold below 1.20 inch",
        "used_for_surface": false,
        "threshold_in": 1.18,
        "median_in": 1.18,
        "mean_in": 1.52,
        "weighted_mean_in": 1.52,
        "min_in": 0.02,
        "max_in": 5.14,
        "name": "Local empirical flash flood threshold cell",
        "source": "local_empirical_threshold_fallback",
        "source_url": "https://raw.githubusercontent.com/mefferso/Flash-Flood-Guidance-Map/main/docs/data/threshold_grid.geojson",
        "threshold_duration_hr": 3,
        "threshold_3hr_in": 1.18,
        "note": "Not official RFC Flash Flood Guidance. Derived from local empirical threshold grid for pipeline fallback/testing.",
        "susceptibility": "local empirical threshold"
      },
      "geometry": {
        "type": "Polygon",
        "coordinates": [
          [
            [
              -90.10000000000001,
              29.900000000000002
            ],
            [
              -90.00000000000001,
              29.900000000000002
            ],
            [
              -90.00000000000001,
              30.000000000000004
            ],
            [
              -90.10000000000001,
              30.000000000000004
            ],
            [
              -90.10000000000001,
              29.900000000000002
            ]
          ]
        ]
      }
    },
    {
      "type": "Feature",
      "properties": {
        "duration": "3h",
        "threshold_3h_in": 1.81,
        "median_3h_in": 1.81,
        "mean_3h_in": 2.69,
        "weighted_mean_3h_in": 2.69,
        "min_3h_in": 0.73,
        "max_3h_in": 5.59,
        "event_count": 7,
        "threshold_category": "high_sensitivity",
        "qc_flag": "ok",
        "qc_reason": "ok",
        "used_for_surface": true,
        "threshold_in": 1.81,
        "median_in": 1.81,
        "mean_in": 2.69,
        "weighted_mean_in": 2.69,
        "min_in": 0.73,
        "max_in": 5.59,
        "name": "Local empirical flash flood threshold cell",
        "source": "local_empirical_threshold_fallback",
        "source_url": "https://raw.githubusercontent.com/mefferso/Flash-Flood-Guidance-Map/main/docs/data/threshold_grid.geojson",
        "threshold_duration_hr": 3,
        "threshold_3hr_in": 1.81,
        "note": "Not official RFC Flash Flood Guidance. Derived from local empirical threshold grid for pipeline fallback/testing.",
        "susceptibility": "local empirical threshold"
      },
      "geometry": {
        "type": "Polygon",
        "coordinates": [
          [
            [
              -90.05,
              29.900000000000002
            ],
            [
              -89.95,
              29.900000000000002
            ],
            [
              -89.95,
              30.000000000000004
            ],
            [
              -90.05,
              30.000000000000004
            ],
            [
              -90.05,
              29.900000000000002
            ]
          ]
        ]
      }
    },
    {
      "type": "Feature",
      "properties": {
        "duration": "3h",
        "threshold_3h_in": 2.19,
        "median_3h_in": 2.19,
        "mean_3h_in": 1.57,
        "weighted_mean_3h_in": 1.57,
        "min_3h_in": 0.3,
        "max_3h_in": 2.22,
        "event_count": 3,
        "threshold_category": "moderate_sensitivity",
        "qc_flag": "ok",
        "qc_reason": "ok",
        "used_for_surface": true,
        "threshold_in": 2.19,
        "median_in": 2.19,
        "mean_in": 1.57,
        "weighted_mean_in": 1.57,
        "min_in": 0.3,
        "max_in": 2.22,
        "name": "Local empirical flash flood threshold cell",
        "source": "local_empirical_threshold_fallback",
        "source_url": "https://raw.githubusercontent.com/mefferso/Flash-Flood-Guidance-Map/main/docs/data/threshold_grid.geojson",
        "threshold_duration_hr": 3,
        "threshold_3hr_in": 2.19,
        "note": "Not official RFC Flash Flood Guidance. Derived from local empirical threshold grid for pipeline fallback/testing.",
        "susceptibility": "local empirical threshold"
      },
      "geometry": {
        "type": "Polygon",
        "coordinates": [
          [
            [
              -90.0,
              29.900000000000002
            ],
            [
              -89.9,
              29.900000000000002
            ],
            [
              -89.9,
              30.000000000000004
            ],
            [
              -90.0,
              30.000000000000004
            ],
            [
              -90.0,
              29.900000000000002
            ]
          ]
        ]
      }
    },
    {
      "type": "Feature",
      "properties": {
        "duration": "3h",
        "threshold_3h_in": 2.39,
        "median_3h_in": 2.39,
        "mean_3h_in": 2.39,
        "weighted_mean_3h_in": 2.39,
        "min_3h_in": 2.39,
        "max_3h_in": 2.39,
        "event_count": 1,
        "threshold_category": "moderate_sensitivity",
        "qc_flag": "ok",
        "qc_reason": "ok",
        "used_for_surface": true,
        "threshold_in": 2.39,
        "median_in": 2.39,
        "mean_in": 2.39,
        "weighted_mean_in": 2.39,
        "min_in": 2.39,
        "max_in": 2.39,
        "name": "Local empirical flash flood threshold cell",
        "source": "local_empirical_threshold_fallback",
        "source_url": "https://raw.githubusercontent.com/mefferso/Flash-Flood-Guidance-Map/main/docs/data/threshold_grid.geojson",
        "threshold_duration_hr": 3,
        "threshold_3hr_in": 2.39,
        "note": "Not official RFC Flash Flood Guidance. Derived from local empirical threshold grid for pipeline fallback/testing.",
        "susceptibility": "local empirical threshold"
      },
      "geometry": {
        "type": "Polygon",
        "coordinates": [
          [
            [
              -91.10000000000001,
              29.95
            ],
            [
              -91.00000000000001,
              29.95
            ],
            [
              -91.00000000000001,
              30.05
            ],
            [
              -91.10000000000001,
              30.05
            ],
            [
              -91.10000000000001,
              29.95
            ]
          ]
        ]
      }
    },
    {
      "type": "Feature",
      "properties": {
        "duration": "3h",
        "threshold_3h_in": 4.52,
        "median_3h_in": 4.52,
        "mean_3h_in": 4.52,
        "weighted_mean_3h_in": 4.52,
        "min_3h_in": 4.52,
        "max_3h_in": 4.52,
        "event_count": 1,
        "threshold_category": "least_sensitive",
        "qc_flag": "ok",
        "qc_reason": "ok",
        "used_for_surface": true,
        "threshold_in": 4.52,
        "median_in": 4.52,
        "mean_in": 4.52,
        "weighted_mean_in": 4.52,
        "min_in": 4.52,
        "max_in": 4.52,
        "name": "Local empirical flash flood threshold cell",
        "source": "local_empirical_threshold_fallback",
        "source_url": "https://raw.githubusercontent.com/mefferso/Flash-Flood-Guidance-Map/main/docs/data/threshold_grid.geojson",
        "threshold_duration_hr": 3,
        "threshold_3hr_in": 4.52,
        "note": "Not official RFC Flash Flood Guidance. Derived from local empirical threshold grid for pipeline fallback/testing.",
        "susceptibility": "local empirical threshold"
      },
      "geometry": {
        "type": "Polygon",
        "coordinates": [
          [
            [
              -90.75,
              29.95
            ],
            [
              -90.65,
              29.95
            ],
            [
              -90.65,
              30.05
            ],
            [
              -90.75,
              30.05
            ],
            [
              -90.75,
              29.95
            ]
          ]
        ]
      }
    },
    {
      "type": "Feature",
      "properties": {
        "duration": "3h",
        "threshold_3h_in": 5.82,
        "median_3h_in": 5.82,
        "mean_3h_in": 5.82,
        "weighted_mean_3h_in": 5.82,
        "min_3h_in": 3.3,
        "max_3h_in": 8.34,
        "event_count": 2,
        "threshold_category": "least_sensitive",
        "qc_flag": "ok",
        "qc_reason": "ok",
        "used_for_surface": true,
        "threshold_in": 5.82,
        "median_in": 5.82,
        "mean_in": 5.82,
        "weighted_mean_in": 5.82,
        "min_in": 3.3,
        "max_in": 8.34,
        "name": "Local empirical flash flood threshold cell",
        "source": "local_empirical_threshold_fallback",
        "source_url": "https://raw.githubusercontent.com/mefferso/Flash-Flood-Guidance-Map/main/docs/data/threshold_grid.geojson",
        "threshold_duration_hr": 3,
        "threshold_3hr_in": 5.82,
        "note": "Not official RFC Flash Flood Guidance. Derived from local empirical threshold grid for pipeline fallback/testing.",
        "susceptibility": "local empirical threshold"
      },
      "geometry": {
        "type": "Polygon",
        "coordinates": [
          [
            [
              -90.5,
              29.95
            ],
            [
              -90.4,
              29.95
            ],
            [
              -90.4,
              30.05
            ],
            [
              -90.5,
              30.05
            ],
            [
              -90.5,
              29.95
            ]
          ]
        ]
      }
    },
    {
      "type": "Feature",
      "properties": {
        "duration": "3h",
        "threshold_3h_in": 2.1,
        "median_3h_in": 2.1,
        "mean_3h_in": 2.1,
        "weighted_mean_3h_in": 2.1,
        "min_3h_in": 1.69,
        "max_3h_in": 2.52,
        "event_count": 2,
        "threshold_category": "moderate_sensitivity",
        "qc_flag": "ok",
        "qc_reason": "ok",
        "used_for_surface": true,
        "threshold_in": 2.1,
        "median_in": 2.1,
        "mean_in": 2.1,
        "weighted_mean_in": 2.1,
        "min_in": 1.69,
        "max_in": 2.52,
        "name": "Local empirical flash flood threshold cell",
        "source": "local_empirical_threshold_fallback",
        "source_url": "https://raw.githubusercontent.com/mefferso/Flash-Flood-Guidance-Map/main/docs/data/threshold_grid.geojson",
        "threshold_duration_hr": 3,
        "threshold_3hr_in": 2.1,
        "note": "Not official RFC Flash Flood Guidance. Derived from local empirical threshold grid for pipeline fallback/testing.",
        "susceptibility": "local empirical threshold"
      },
      "geometry": {
        "type": "Polygon",
        "coordinates": [
          [
            [
              -90.45,
              29.95
            ],
            [
              -90.35000000000001,
              29.95
            ],
            [
              -90.35000000000001,
              30.05
            ],
            [
              -90.45,
              30.05
            ],
            [
              -90.45,
              29.95
            ]
          ]
        ]
      }
    },
    {
      "type": "Feature",
      "properties": {
        "duration": "3h",
        "threshold_3h_in": 2.03,
        "median_3h_in": 2.03,
        "mean_3h_in": 2.49,
        "weighted_mean_3h_in": 2.49,
        "min_3h_in": 1.08,
        "max_3h_in": 4.84,
        "event_count": 4,
        "threshold_category": "moderate_sensitivity",
        "qc_flag": "ok",
        "qc_reason": "ok",
        "used_for_surface": true,
        "threshold_in": 2.03,
        "median_in": 2.03,
        "mean_in": 2.49,
        "weighted_mean_in": 2.49,
        "min_in": 1.08,
        "max_in": 4.84,
        "name": "Local empirical flash flood threshold cell",
        "source": "local_empirical_threshold_fallback",
        "source_url": "https://raw.githubusercontent.com/mefferso/Flash-Flood-Guidance-Map/main/docs/data/threshold_grid.geojson",
        "threshold_duration_hr": 3,
        "threshold_3hr_in": 2.03,
        "note": "Not official RFC Flash Flood Guidance. Derived from local empirical threshold grid for pipeline fallback/testing.",
        "susceptibility": "local empirical threshold"
      },
      "geometry": {
        "type": "Polygon",
        "coordinates": [
          [
            [
              -90.4,
              29.95
            ],
            [
              -90.30000000000001,
              29.95
            ],
            [
              -90.30000000000001,
              30.05
            ],
            [
              -90.4,
              30.05
            ],
            [
              -90.4,
              29.95
            ]
          ]
        ]
      }
    },
    {
      "type": "Feature",
      "properties": {
        "duration": "3h",
        "threshold_3h_in": 0.4,
        "median_3h_in": 0.4,
        "mean_3h_in": 0.4,
        "weighted_mean_3h_in": 0.4,
        "min_3h_in": 0.4,
        "max_3h_in": 0.4,
        "event_count": 1,
        "threshold_category": "high_sensitivity",
        "qc_flag": "suspect_threshold",
        "qc_reason": "3h threshold below 1.20 inch",
        "used_for_surface": false,
        "threshold_in": 0.4,
        "median_in": 0.4,
        "mean_in": 0.4,
        "weighted_mean_in": 0.4,
        "min_in": 0.4,
        "max_in": 0.4,
        "name": "Local empirical flash flood threshold cell",
        "source": "local_empirical_threshold_fallback",
        "source_url": "https://raw.githubusercontent.com/mefferso/Flash-Flood-Guidance-Map/main/docs/data/threshold_grid.geojson",
        "threshold_duration_hr": 3,
        "threshold_3hr_in": 0.4,
        "note": "Not official RFC Flash Flood Guidance. Derived from local empirical threshold grid for pipeline fallback/testing.",
        "susceptibility": "local empirical threshold"
      },
      "geometry": {
        "type": "Polygon",
        "coordinates": [
          [
            [
              -90.35000000000001,
              29.95
            ],
            [
              -90.25000000000001,
              29.95
            ],
            [
              -90.25000000000001,
              30.05
            ],
            [
              -90.35000000000001,
              30.05
            ],
            [
              -90.35000000000001,
              29.95
            ]
          ]
        ]
      }
    },
    {
      "type": "Feature",
      "properties": {
        "duration": "3h",
        "threshold_3h_in": 1.92,
        "median_3h_in": 1.92,
        "mean_3h_in": 2.32,
        "weighted_mean_3h_in": 2.32,
        "min_3h_in": 1.11,
        "max_3h_in": 4.31,
        "event_count": 4,
        "threshold_category": "high_sensitivity",
        "qc_flag": "ok",
        "qc_reason": "ok",
        "used_for_surface": true,
        "threshold_in": 1.92,
        "median_in": 1.92,
        "mean_in": 2.32,
        "weighted_mean_in": 2.32,
        "min_in": 1.11,
        "max_in": 4.31,
        "name": "Local empirical flash flood threshold cell",
        "source": "local_empirical_threshold_fallback",
        "source_url": "https://raw.githubusercontent.com/mefferso/Flash-Flood-Guidance-Map/main/docs/data/threshold_grid.geojson",
        "threshold_duration_hr": 3,
        "threshold_3hr_in": 1.92,
        "note": "Not official RFC Flash Flood Guidance. Derived from local empirical threshold grid for pipeline fallback/testing.",
        "susceptibility": "local empirical threshold"
      },
      "geometry": {
        "type": "Polygon",
        "coordinates": [
          [
            [
              -90.3,
              29.95
            ],
            [
              -90.2,
              29.95
            ],
            [
              -90.2,
              30.05
            ],
            [
              -90.3,
              30.05
            ],
            [
              -90.3,
              29.95
            ]
          ]
        ]
      }
    },
    {
      "type": "Feature",
      "properties": {
        "duration": "3h",
        "threshold_3h_in": 0.06,
        "median_3h_in": 0.06,
        "mean_3h_in": 0.06,
        "weighted_mean_3h_in": 0.06,
        "min_3h_in": 0.06,
        "max_3h_in": 0.06,
        "event_count": 1,
        "threshold_category": "high_sensitivity",
        "qc_flag": "suspect_threshold",
        "qc_reason": "3h threshold below 1.20 inch",
        "used_for_surface": false,
        "threshold_in": 0.06,
        "median_in": 0.06,
        "mean_in": 0.06,
        "weighted_mean_in": 0.06,
        "min_in": 0.06,
        "max_in": 0.06,
        "name": "Local empirical flash flood threshold cell",
        "source": "local_empirical_threshold_fallback",
        "source_url": "https://raw.githubusercontent.com/mefferso/Flash-Flood-Guidance-Map/main/docs/data/threshold_grid.geojson",
        "threshold_duration_hr": 3,
        "threshold_3hr_in": 0.06,
        "note": "Not official RFC Flash Flood Guidance. Derived from local empirical threshold grid for pipeline fallback/testing.",
        "susceptibility": "local empirical threshold"
      },
      "geometry": {
        "type": "Polygon",
        "coordinates": [
          [
            [
              -90.25,
              29.95
            ],
            [
              -90.15,
              29.95
            ],
            [
              -90.15,
              30.05
            ],
            [
              -90.25,
              30.05
            ],
            [
              -90.25,
              29.95
            ]
          ]
        ]
      }
    },
    {
      "type": "Feature",
      "properties": {
        "duration": "3h",
        "threshold_3h_in": 1.86,
        "median_3h_in": 1.86,
        "mean_3h_in": 1.83,
        "weighted_mean_3h_in": 1.83,
        "min_3h_in": 0.2,
        "max_3h_in": 2.76,
        "event_count": 9,
        "threshold_category": "high_sensitivity",
        "qc_flag": "ok",
        "qc_reason": "ok",
        "used_for_surface": true,
        "threshold_in": 1.86,
        "median_in": 1.86,
        "mean_in": 1.83,
        "weighted_mean_in": 1.83,
        "min_in": 0.2,
        "max_in": 2.76,
        "name": "Local empirical flash flood threshold cell",
        "source": "local_empirical_threshold_fallback",
        "source_url": "https://raw.githubusercontent.com/mefferso/Flash-Flood-Guidance-Map/main/docs/data/threshold_grid.geojson",
        "threshold_duration_hr": 3,
        "threshold_3hr_in": 1.86,
        "note": "Not official RFC Flash Flood Guidance. Derived from local empirical threshold grid for pipeline fallback/testing.",
        "susceptibility": "local empirical threshold"
      },
      "geometry": {
        "type": "Polygon",
        "coordinates": [
          [
            [
              -90.2,
              29.95
            ],
            [
              -90.10000000000001,
              29.95
            ],
            [
              -90.10000000000001,
              30.05
            ],
            [
              -90.2,
              30.05
            ],
            [
              -90.2,
              29.95
            ]
          ]
        ]
      }
    },
    {
      "type": "Feature",
      "properties": {
        "duration": "3h",
        "threshold_3h_in": 1.83,
        "median_3h_in": 1.83,
        "mean_3h_in": 2.01,
        "weighted_mean_3h_in": 2.01,
        "min_3h_in": 0.17,
        "max_3h_in": 4.2,
        "event_count": 41,
        "threshold_category": "high_sensitivity",
        "qc_flag": "ok",
        "qc_reason": "ok",
        "used_for_surface": true,
        "threshold_in": 1.83,
        "median_in": 1.83,
        "mean_in": 2.01,
        "weighted_mean_in": 2.01,
        "min_in": 0.17,
        "max_in": 4.2,
        "name": "Local empirical flash flood threshold cell",
        "source": "local_empirical_threshold_fallback",
        "source_url": "https://raw.githubusercontent.com/mefferso/Flash-Flood-Guidance-Map/main/docs/data/threshold_grid.geojson",
        "threshold_duration_hr": 3,
        "threshold_3hr_in": 1.83,
        "note": "Not official RFC Flash Flood Guidance. Derived from local empirical threshold grid for pipeline fallback/testing.",
        "susceptibility": "local empirical threshold"
      },
      "geometry": {
        "type": "Polygon",
        "coordinates": [
          [
            [
              -90.15,
              29.95
            ],
            [
              -90.05000000000001,
              29.95
            ],
            [
              -90.05000000000001,
              30.05
            ],
            [
              -90.15,
              30.05
            ],
            [
              -90.15,
              29.95
            ]
          ]
        ]
      }
    },
    {
      "type": "Feature",
      "properties": {
        "duration": "3h",
        "threshold_3h_in": 1.24,
        "median_3h_in": 1.24,
        "mean_3h_in": 1.18,
        "weighted_mean_3h_in": 1.18,
        "min_3h_in": 0.0,
        "max_3h_in": 2.67,
        "event_count": 25,
        "threshold_category": "high_sensitivity",
        "qc_flag": "ok",
        "qc_reason": "ok",
        "used_for_surface": true,
        "threshold_in": 1.24,
        "median_in": 1.24,
        "mean_in": 1.18,
        "weighted_mean_in": 1.18,
        "min_in": 0.0,
        "max_in": 2.67,
        "name": "Local empirical flash flood threshold cell",
        "source": "local_empirical_threshold_fallback",
        "source_url": "https://raw.githubusercontent.com/mefferso/Flash-Flood-Guidance-Map/main/docs/data/threshold_grid.geojson",
        "threshold_duration_hr": 3,
        "threshold_3hr_in": 1.24,
        "note": "Not official RFC Flash Flood Guidance. Derived from local empirical threshold grid for pipeline fallback/testing.",
        "susceptibility": "local empirical threshold"
      },
      "geometry": {
        "type": "Polygon",
        "coordinates": [
          [
            [
              -90.10000000000001,
              29.95
            ],
            [
              -90.00000000000001,
              29.95
            ],
            [
              -90.00000000000001,
              30.05
            ],
            [
              -90.10000000000001,
              30.05
            ],
            [
              -90.10000000000001,
              29.95
            ]
          ]
        ]
      }
    },
    {
      "type": "Feature",
      "properties": {
        "duration": "3h",
        "threshold_3h_in": 1.89,
        "median_3h_in": 1.89,
        "mean_3h_in": 1.94,
        "weighted_mean_3h_in": 1.94,
        "min_3h_in": 0.7,
        "max_3h_in": 3.99,
        "event_count": 9,
        "threshold_category": "high_sensitivity",
        "qc_flag": "ok",
        "qc_reason": "ok",
        "used_for_surface": true,
        "threshold_in": 1.89,
        "median_in": 1.89,
        "mean_in": 1.94,
        "weighted_mean_in": 1.94,
        "min_in": 0.7,
        "max_in": 3.99,
        "name": "Local empirical flash flood threshold cell",
        "source": "local_empirical_threshold_fallback",
        "source_url": "https://raw.githubusercontent.com/mefferso/Flash-Flood-Guidance-Map/main/docs/data/threshold_grid.geojson",
        "threshold_duration_hr": 3,
        "threshold_3hr_in": 1.89,
        "note": "Not official RFC Flash Flood Guidance. Derived from local empirical threshold grid for pipeline fallback/testing.",
        "susceptibility": "local empirical threshold"
      },
      "geometry": {
        "type": "Polygon",
        "coordinates": [
          [
            [
              -90.05,
              29.95
            ],
            [
              -89.95,
              29.95
            ],
            [
              -89.95,
              30.05
            ],
            [
              -90.05,
              30.05
            ],
            [
              -90.05,
              29.95
            ]
          ]
        ]
      }
    },
    {
      "type": "Feature",
      "properties": {
        "duration": "3h",
        "threshold_3h_in": 1.4,
        "median_3h_in": 1.4,
        "mean_3h_in": 1.4,
        "weighted_mean_3h_in": 1.4,
        "min_3h_in": 0.6,
        "max_3h_in": 2.2,
        "event_count": 2,
        "threshold_category": "high_sensitivity",
        "qc_flag": "ok",
        "qc_reason": "ok",
        "used_for_surface": true,
        "threshold_in": 1.4,
        "median_in": 1.4,
        "mean_in": 1.4,
        "weighted_mean_in": 1.4,
        "min_in": 0.6,
        "max_in": 2.2,
        "name": "Local empirical flash flood threshold cell",
        "source": "local_empirical_threshold_fallback",
        "source_url": "https://raw.githubusercontent.com/mefferso/Flash-Flood-Guidance-Map/main/docs/data/threshold_grid.geojson",
        "threshold_duration_hr": 3,
        "threshold_3hr_in": 1.4,
        "note": "Not official RFC Flash Flood Guidance. Derived from local empirical threshold grid for pipeline fallback/testing.",
        "susceptibility": "local empirical threshold"
      },
      "geometry": {
        "type": "Polygon",
        "coordinates": [
          [
            [
              -90.0,
              29.95
            ],
            [
              -89.9,
              29.95
            ],
            [
              -89.9,
              30.05
            ],
            [
              -90.0,
              30.05
            ],
            [
              -90.0,
              29.95
            ]
          ]
        ]
      }
    },
    {
      "type": "Feature",
      "properties": {
        "duration": "3h",
        "threshold_3h_in": 5.01,
        "median_3h_in": 5.01,
        "mean_3h_in": 5.01,
        "weighted_mean_3h_in": 5.01,
        "min_3h_in": 5.01,
        "max_3h_in": 5.01,
        "event_count": 1,
        "threshold_category": "least_sensitive",
        "qc_flag": "ok",
        "qc_reason": "ok",
        "used_for_surface": true,
        "threshold_in": 5.01,
        "median_in": 5.01,
        "mean_in": 5.01,
        "weighted_mean_in": 5.01,
        "min_in": 5.01,
        "max_in": 5.01,
        "name": "Local empirical flash flood threshold cell",
        "source": "local_empirical_threshold_fallback",
        "source_url": "https://raw.githubusercontent.com/mefferso/Flash-Flood-Guidance-Map/main/docs/data/threshold_grid.geojson",
        "threshold_duration_hr": 3,
        "threshold_3hr_in": 5.01,
        "note": "Not official RFC Flash Flood Guidance. Derived from local empirical threshold grid for pipeline fallback/testing.",
        "susceptibility": "local empirical threshold"
      },
      "geometry": {
        "type": "Polygon",
        "coordinates": [
          [
            [
              -90.9,
              30.0
            ],
            [
              -90.80000000000001,
              30.0
            ],
            [
              -90.80000000000001,
              30.1
            ],
            [
              -90.9,
              30.1
            ],
            [
              -90.9,
              30.0
            ]
          ]
        ]
      }
    },
    {
      "type": "Feature",
      "properties": {
        "duration": "3h",
        "threshold_3h_in": 3.24,
        "median_3h_in": 3.24,
        "mean_3h_in": 3.24,
        "weighted_mean_3h_in": 3.24,
        "min_3h_in": 3.24,
        "max_3h_in": 3.24,
        "event_count": 1,
        "threshold_category": "lower_sensitivity",
        "qc_flag": "ok",
        "qc_reason": "ok",
        "used_for_surface": true,
        "threshold_in": 3.24,
        "median_in": 3.24,
        "mean_in": 3.24,
        "weighted_mean_in": 3.24,
        "min_in": 3.24,
        "max_in": 3.24,
        "name": "Local empirical flash flood threshold cell",
        "source": "local_empirical_threshold_fallback",
        "source_url": "https://raw.githubusercontent.com/mefferso/Flash-Flood-Guidance-Map/main/docs/data/threshold_grid.geojson",
        "threshold_duration_hr": 3,
        "threshold_3hr_in": 3.24,
        "note": "Not official RFC Flash Flood Guidance. Derived from local empirical threshold grid for pipeline fallback/testing.",
        "susceptibility": "local empirical threshold"
      },
      "geometry": {
        "type": "Polygon",
        "coordinates": [
          [
            [
              -90.85000000000001,
              30.0
            ],
            [
              -90.75000000000001,
              30.0
            ],
            [
              -90.75000000000001,
              30.1
            ],
            [
              -90.85000000000001,
              30.1
            ],
            [
              -90.85000000000001,
              30.0
            ]
          ]
        ]
      }
    },
    {
      "type": "Feature",
      "properties": {
        "duration": "3h",
        "threshold_3h_in": 3.18,
        "median_3h_in": 3.18,
        "mean_3h_in": 3.18,
        "weighted_mean_3h_in": 3.18,
        "min_3h_in": 2.73,
        "max_3h_in": 3.63,
        "event_count": 2,
        "threshold_category": "lower_sensitivity",
        "qc_flag": "ok",
        "qc_reason": "ok",
        "used_for_surface": true,
        "threshold_in": 3.18,
        "median_in": 3.18,
        "mean_in": 3.18,
        "weighted_mean_in": 3.18,
        "min_in": 2.73,
        "max_in": 3.63,
        "name": "Local empirical flash flood threshold cell",
        "source": "local_empirical_threshold_fallback",
        "source_url": "https://raw.githubusercontent.com/mefferso/Flash-Flood-Guidance-Map/main/docs/data/threshold_grid.geojson",
        "threshold_duration_hr": 3,
        "threshold_3hr_in": 3.18,
        "note": "Not official RFC Flash Flood Guidance. Derived from local empirical threshold grid for pipeline fallback/testing.",
        "susceptibility": "local empirical threshold"
      },
      "geometry": {
        "type": "Polygon",
        "coordinates": [
          [
            [
              -90.75,
              30.0
            ],
            [
              -90.65,
              30.0
            ],
            [
              -90.65,
              30.1
            ],
            [
              -90.75,
              30.1
            ],
            [
              -90.75,
              30.0
            ]
          ]
        ]
      }
    },
    {
      "type": "Feature",
      "properties": {
        "duration": "3h",
        "threshold_3h_in": 2.11,
        "median_3h_in": 2.11,
        "mean_3h_in": 2.11,
        "weighted_mean_3h_in": 2.11,
        "min_3h_in": 1.49,
        "max_3h_in": 2.73,
        "event_count": 2,
        "threshold_category": "moderate_sensitivity",
        "qc_flag": "ok",
        "qc_reason": "ok",
        "used_for_surface": true,
        "threshold_in": 2.11,
        "median_in": 2.11,
        "mean_in": 2.11,
        "weighted_mean_in": 2.11,
        "min_in": 1.49,
        "max_in": 2.73,
        "name": "Local empirical flash flood threshold cell",
        "source": "local_empirical_threshold_fallback",
        "source_url": "https://raw.githubusercontent.com/mefferso/Flash-Flood-Guidance-Map/main/docs/data/threshold_grid.geojson",
        "threshold_duration_hr": 3,
        "threshold_3hr_in": 2.11,
        "note": "Not official RFC Flash Flood Guidance. Derived from local empirical threshold grid for pipeline fallback/testing.",
        "susceptibility": "local empirical threshold"
      },
      "geometry": {
        "type": "Polygon",
        "coordinates": [
          [
            [
              -90.55,
              30.0
            ],
            [
              -90.45,
              30.0
            ],
            [
              -90.45,
              30.1
            ],
            [
              -90.55,
              30.1
            ],
            [
              -90.55,
              30.0
            ]
          ]
        ]
      }
    },
    {
      "type": "Feature",
      "properties": {
        "duration": "3h",
        "threshold_3h_in": 1.91,
        "median_3h_in": 1.91,
        "mean_3h_in": 2.31,
        "weighted_mean_3h_in": 2.31,
        "min_3h_in": 0.38,
        "max_3h_in": 5.04,
        "event_count": 4,
        "threshold_category": "high_sensitivity",
        "qc_flag": "ok",
        "qc_reason": "ok",
        "used_for_surface": true,
        "threshold_in": 1.91,
        "median_in": 1.91,
        "mean_in": 2.31,
        "weighted_mean_in": 2.31,
        "min_in": 0.38,
        "max_in": 5.04,
        "name": "Local empirical flash flood threshold cell",
        "source": "local_empirical_threshold_fallback",
        "source_url": "https://raw.githubusercontent.com/mefferso/Flash-Flood-Guidance-Map/main/docs/data/threshold_grid.geojson",
        "threshold_duration_hr": 3,
        "threshold_3hr_in": 1.91,
        "note": "Not official RFC Flash Flood Guidance. Derived from local empirical threshold grid for pipeline fallback/testing.",
        "susceptibility": "local empirical threshold"
      },
      "geometry": {
        "type": "Polygon",
        "coordinates": [
          [
            [
              -90.5,
              30.0
            ],
            [
              -90.4,
              30.0
            ],
            [
              -90.4,
              30.1
            ],
            [
              -90.5,
              30.1
            ],
            [
              -90.5,
              30.0
            ]
          ]
        ]
      }
    },
    {
      "type": "Feature",
      "properties": {
        "duration": "3h",
        "threshold_3h_in": 3.28,
        "median_3h_in": 3.28,
        "mean_3h_in": 3.28,
        "weighted_mean_3h_in": 3.28,
        "min_3h_in": 2.18,
        "max_3h_in": 4.38,
        "event_count": 2,
        "threshold_category": "lower_sensitivity",
        "qc_flag": "ok",
        "qc_reason": "ok",
        "used_for_surface": true,
        "threshold_in": 3.28,
        "median_in": 3.28,
        "mean_in": 3.28,
        "weighted_mean_in": 3.28,
        "min_in": 2.18,
        "max_in": 4.38,
        "name": "Local empirical flash flood threshold cell",
        "source": "local_empirical_threshold_fallback",
        "source_url": "https://raw.githubusercontent.com/mefferso/Flash-Flood-Guidance-Map/main/docs/data/threshold_grid.geojson",
        "threshold_duration_hr": 3,
        "threshold_3hr_in": 3.28,
        "note": "Not official RFC Flash Flood Guidance. Derived from local empirical threshold grid for pipeline fallback/testing.",
        "susceptibility": "local empirical threshold"
      },
      "geometry": {
        "type": "Polygon",
        "coordinates": [
          [
            [
              -90.3,
              30.0
            ],
            [
              -90.2,
              30.0
            ],
            [
              -90.2,
              30.1
            ],
            [
              -90.3,
              30.1
            ],
            [
              -90.3,
              30.0
            ]
          ]
        ]
      }
    },
    {
      "type": "Feature",
      "properties": {
        "duration": "3h",
        "threshold_3h_in": 1.96,
        "median_3h_in": 1.96,
        "mean_3h_in": 2.35,
        "weighted_mean_3h_in": 2.35,
        "min_3h_in": 0.0,
        "max_3h_in": 5.28,
        "event_count": 7,
        "threshold_category": "high_sensitivity",
        "qc_flag": "ok",
        "qc_reason": "ok",
        "used_for_surface": true,
        "threshold_in": 1.96,
        "median_in": 1.96,
        "mean_in": 2.35,
        "weighted_mean_in": 2.35,
        "min_in": 0.0,
        "max_in": 5.28,
        "name": "Local empirical flash flood threshold cell",
        "source": "local_empirical_threshold_fallback",
        "source_url": "https://raw.githubusercontent.com/mefferso/Flash-Flood-Guidance-Map/main/docs/data/threshold_grid.geojson",
        "threshold_duration_hr": 3,
        "threshold_3hr_in": 1.96,
        "note": "Not official RFC Flash Flood Guidance. Derived from local empirical threshold grid for pipeline fallback/testing.",
        "susceptibility": "local empirical threshold"
      },
      "geometry": {
        "type": "Polygon",
        "coordinates": [
          [
            [
              -90.10000000000001,
              30.0
            ],
            [
              -90.00000000000001,
              30.0
            ],
            [
              -90.00000000000001,
              30.1
            ],
            [
              -90.10000000000001,
              30.1
            ],
            [
              -90.10000000000001,
              30.0
            ]
          ]
        ]
      }
    },
    {
      "type": "Feature",
      "properties": {
        "duration": "3h",
        "threshold_3h_in": 0.61,
        "median_3h_in": 0.61,
        "mean_3h_in": 0.61,
        "weighted_mean_3h_in": 0.61,
        "min_3h_in": 0.49,
        "max_3h_in": 0.72,
        "event_count": 2,
        "threshold_category": "high_sensitivity",
        "qc_flag": "suspect_threshold",
        "qc_reason": "3h threshold below 1.20 inch",
        "used_for_surface": false,
        "threshold_in": 0.61,
        "median_in": 0.61,
        "mean_in": 0.61,
        "weighted_mean_in": 0.61,
        "min_in": 0.49,
        "max_in": 0.72,
        "name": "Local empirical flash flood threshold cell",
        "source": "local_empirical_threshold_fallback",
        "source_url": "https://raw.githubusercontent.com/mefferso/Flash-Flood-Guidance-Map/main/docs/data/threshold_grid.geojson",
        "threshold_duration_hr": 3,
        "threshold_3hr_in": 0.61,
        "note": "Not official RFC Flash Flood Guidance. Derived from local empirical threshold grid for pipeline fallback/testing.",
        "susceptibility": "local empirical threshold"
      },
      "geometry": {
        "type": "Polygon",
        "coordinates": [
          [
            [
              -90.05,
              30.0
            ],
            [
              -89.95,
              30.0
            ],
            [
              -89.95,
              30.1
            ],
            [
              -90.05,
              30.1
            ],
            [
              -90.05,
              30.0
            ]
          ]
        ]
      }
    },
    {
      "type": "Feature",
      "properties": {
        "duration": "3h",
        "threshold_3h_in": 1.58,
        "median_3h_in": 1.58,
        "mean_3h_in": 1.58,
        "weighted_mean_3h_in": 1.58,
        "min_3h_in": 1.5,
        "max_3h_in": 1.67,
        "event_count": 2,
        "threshold_category": "high_sensitivity",
        "qc_flag": "ok",
        "qc_reason": "ok",
        "used_for_surface": true,
        "threshold_in": 1.58,
        "median_in": 1.58,
        "mean_in": 1.58,
        "weighted_mean_in": 1.58,
        "min_in": 1.5,
        "max_in": 1.67,
        "name": "Local empirical flash flood threshold cell",
        "source": "local_empirical_threshold_fallback",
        "source_url": "https://raw.githubusercontent.com/mefferso/Flash-Flood-Guidance-Map/main/docs/data/threshold_grid.geojson",
        "threshold_duration_hr": 3,
        "threshold_3hr_in": 1.58,
        "note": "Not official RFC Flash Flood Guidance. Derived from local empirical threshold grid for pipeline fallback/testing.",
        "susceptibility": "local empirical threshold"
      },
      "geometry": {
        "type": "Polygon",
        "coordinates": [
          [
            [
              -91.05,
              30.05
            ],
            [
              -90.95,
              30.05
            ],
            [
              -90.95,
              30.150000000000002
            ],
            [
              -91.05,
              30.150000000000002
            ],
            [
              -91.05,
              30.05
            ]
          ]
        ]
      }
    },
    {
      "type": "Feature",
      "properties": {
        "duration": "3h",
        "threshold_3h_in": 4.66,
        "median_3h_in": 4.66,
        "mean_3h_in": 4.66,
        "weighted_mean_3h_in": 4.66,
        "min_3h_in": 4.66,
        "max_3h_in": 4.66,
        "event_count": 1,
        "threshold_category": "least_sensitive",
        "qc_flag": "ok",
        "qc_reason": "ok",
        "used_for_surface": true,
        "threshold_in": 4.66,
        "median_in": 4.66,
        "mean_in": 4.66,
        "weighted_mean_in": 4.66,
        "min_in": 4.66,
        "max_in": 4.66,
        "name": "Local empirical flash flood threshold cell",
        "source": "local_empirical_threshold_fallback",
        "source_url": "https://raw.githubusercontent.com/mefferso/Flash-Flood-Guidance-Map/main/docs/data/threshold_grid.geojson",
        "threshold_duration_hr": 3,
        "threshold_3hr_in": 4.66,
        "note": "Not official RFC Flash Flood Guidance. Derived from local empirical threshold grid for pipeline fallback/testing.",
        "susceptibility": "local empirical threshold"
      },
      "geometry": {
        "type": "Polygon",
        "coordinates": [
          [
            [
              -90.7,
              30.05
            ],
            [
              -90.60000000000001,
              30.05
            ],
            [
              -90.60000000000001,
              30.150000000000002
            ],
            [
              -90.7,
              30.150000000000002
            ],
            [
              -90.7,
              30.05
            ]
          ]
        ]
      }
    },
    {
      "type": "Feature",
      "properties": {
        "duration": "3h",
        "threshold_3h_in": 2.08,
        "median_3h_in": 2.08,
        "mean_3h_in": 2.08,
        "weighted_mean_3h_in": 2.08,
        "min_3h_in": 2.08,
        "max_3h_in": 2.08,
        "event_count": 1,
        "threshold_category": "moderate_sensitivity",
        "qc_flag": "ok",
        "qc_reason": "ok",
        "used_for_surface": true,
        "threshold_in": 2.08,
        "median_in": 2.08,
        "mean_in": 2.08,
        "weighted_mean_in": 2.08,
        "min_in": 2.08,
        "max_in": 2.08,
        "name": "Local empirical flash flood threshold cell",
        "source": "local_empirical_threshold_fallback",
        "source_url": "https://raw.githubusercontent.com/mefferso/Flash-Flood-Guidance-Map/main/docs/data/threshold_grid.geojson",
        "threshold_duration_hr": 3,
        "threshold_3hr_in": 2.08,
        "note": "Not official RFC Flash Flood Guidance. Derived from local empirical threshold grid for pipeline fallback/testing.",
        "susceptibility": "local empirical threshold"
      },
      "geometry": {
        "type": "Polygon",
        "coordinates": [
          [
            [
              -90.55,
              30.05
            ],
            [
              -90.45,
              30.05
            ],
            [
              -90.45,
              30.150000000000002
            ],
            [
              -90.55,
              30.150000000000002
            ],
            [
              -90.55,
              30.05
            ]
          ]
        ]
      }
    },
    {
      "type": "Feature",
      "properties": {
        "duration": "3h",
        "threshold_3h_in": 3.42,
        "median_3h_in": 3.42,
        "mean_3h_in": 3.42,
        "weighted_mean_3h_in": 3.42,
        "min_3h_in": 3.42,
        "max_3h_in": 3.42,
        "event_count": 1,
        "threshold_category": "lower_sensitivity",
        "qc_flag": "ok",
        "qc_reason": "ok",
        "used_for_surface": true,
        "threshold_in": 3.42,
        "median_in": 3.42,
        "mean_in": 3.42,
        "weighted_mean_in": 3.42,
        "min_in": 3.42,
        "max_in": 3.42,
        "name": "Local empirical flash flood threshold cell",
        "source": "local_empirical_threshold_fallback",
        "source_url": "https://raw.githubusercontent.com/mefferso/Flash-Flood-Guidance-Map/main/docs/data/threshold_grid.geojson",
        "threshold_duration_hr": 3,
        "threshold_3hr_in": 3.42,
        "note": "Not official RFC Flash Flood Guidance. Derived from local empirical threshold grid for pipeline fallback/testing.",
        "susceptibility": "local empirical threshold"
      },
      "geometry": {
        "type": "Polygon",
        "coordinates": [
          [
            [
              -90.95,
              30.1
            ],
            [
              -90.85000000000001,
              30.1
            ],
            [
              -90.85000000000001,
              30.200000000000003
            ],
            [
              -90.95,
              30.200000000000003
            ],
            [
              -90.95,
              30.1
            ]
          ]
        ]
      }
    },
    {
      "type": "Feature",
      "properties": {
        "duration": "3h",
        "threshold_3h_in": 4.4,
        "median_3h_in": 4.4,
        "mean_3h_in": 4.4,
        "weighted_mean_3h_in": 4.4,
        "min_3h_in": 4.4,
        "max_3h_in": 4.4,
        "event_count": 1,
        "threshold_category": "least_sensitive",
        "qc_flag": "ok",
        "qc_reason": "ok",
        "used_for_surface": true,
        "threshold_in": 4.4,
        "median_in": 4.4,
        "mean_in": 4.4,
        "weighted_mean_in": 4.4,
        "min_in": 4.4,
        "max_in": 4.4,
        "name": "Local empirical flash flood threshold cell",
        "source": "local_empirical_threshold_fallback",
        "source_url": "https://raw.githubusercontent.com/mefferso/Flash-Flood-Guidance-Map/main/docs/data/threshold_grid.geojson",
        "threshold_duration_hr": 3,
        "threshold_3hr_in": 4.4,
        "note": "Not official RFC Flash Flood Guidance. Derived from local empirical threshold grid for pipeline fallback/testing.",
        "susceptibility": "local empirical threshold"
      },
      "geometry": {
        "type": "Polygon",
        "coordinates": [
          [
            [
              -91.05,
              30.150000000000002
            ],
            [
              -90.95,
              30.150000000000002
            ],
            [
              -90.95,
              30.250000000000004
            ],
            [
              -91.05,
              30.250000000000004
            ],
            [
              -91.05,
              30.150000000000002
            ]
          ]
        ]
      }
    },
    {
      "type": "Feature",
      "properties": {
        "duration": "3h",
        "threshold_3h_in": 3.94,
        "median_3h_in": 3.94,
        "mean_3h_in": 3.94,
        "weighted_mean_3h_in": 3.94,
        "min_3h_in": 3.94,
        "max_3h_in": 3.94,
        "event_count": 1,
        "threshold_category": "lower_sensitivity",
        "qc_flag": "ok",
        "qc_reason": "ok",
        "used_for_surface": true,
        "threshold_in": 3.94,
        "median_in": 3.94,
        "mean_in": 3.94,
        "weighted_mean_in": 3.94,
        "min_in": 3.94,
        "max_in": 3.94,
        "name": "Local empirical flash flood threshold cell",
        "source": "local_empirical_threshold_fallback",
        "source_url": "https://raw.githubusercontent.com/mefferso/Flash-Flood-Guidance-Map/main/docs/data/threshold_grid.geojson",
        "threshold_duration_hr": 3,
        "threshold_3hr_in": 3.94,
        "note": "Not official RFC Flash Flood Guidance. Derived from local empirical threshold grid for pipeline fallback/testing.",
        "susceptibility": "local empirical threshold"
      },
      "geometry": {
        "type": "Polygon",
        "coordinates": [
          [
            [
              -90.9,
              30.150000000000002
            ],
            [
              -90.80000000000001,
              30.150000000000002
            ],
            [
              -90.80000000000001,
              30.250000000000004
            ],
            [
              -90.9,
              30.250000000000004
            ],
            [
              -90.9,
              30.150000000000002
            ]
          ]
        ]
      }
    },
    {
      "type": "Feature",
      "properties": {
        "duration": "3h",
        "threshold_3h_in": 3.19,
        "median_3h_in": 3.19,
        "mean_3h_in": 3.19,
        "weighted_mean_3h_in": 3.19,
        "min_3h_in": 3.19,
        "max_3h_in": 3.19,
        "event_count": 1,
        "threshold_category": "lower_sensitivity",
        "qc_flag": "ok",
        "qc_reason": "ok",
        "used_for_surface": true,
        "threshold_in": 3.19,
        "median_in": 3.19,
        "mean_in": 3.19,
        "weighted_mean_in": 3.19,
        "min_in": 3.19,
        "max_in": 3.19,
        "name": "Local empirical flash flood threshold cell",
        "source": "local_empirical_threshold_fallback",
        "source_url": "https://raw.githubusercontent.com/mefferso/Flash-Flood-Guidance-Map/main/docs/data/threshold_grid.geojson",
        "threshold_duration_hr": 3,
        "threshold_3hr_in": 3.19,
        "note": "Not official RFC Flash Flood Guidance. Derived from local empirical threshold grid for pipeline fallback/testing.",
        "susceptibility": "local empirical threshold"
      },
      "geometry": {
        "type": "Polygon",
        "coordinates": [
          [
            [
              -91.15,
              30.2
            ],
            [
              -91.05000000000001,
              30.2
            ],
            [
              -91.05000000000001,
              30.3
            ],
            [
              -91.15,
              30.3
            ],
            [
              -91.15,
              30.2
            ]
          ]
        ]
      }
    },
    {
      "type": "Feature",
      "properties": {
        "duration": "3h",
        "threshold_3h_in": 4.44,
        "median_3h_in": 4.44,
        "mean_3h_in": 3.9,
        "weighted_mean_3h_in": 3.9,
        "min_3h_in": 0.88,
        "max_3h_in": 5.85,
        "event_count": 4,
        "threshold_category": "least_sensitive",
        "qc_flag": "ok",
        "qc_reason": "ok",
        "used_for_surface": true,
        "threshold_in": 4.44,
        "median_in": 4.44,
        "mean_in": 3.9,
        "weighted_mean_in": 3.9,
        "min_in": 0.88,
        "max_in": 5.85,
        "name": "Local empirical flash flood threshold cell",
        "source": "local_empirical_threshold_fallback",
        "source_url": "https://raw.githubusercontent.com/mefferso/Flash-Flood-Guidance-Map/main/docs/data/threshold_grid.geojson",
        "threshold_duration_hr": 3,
        "threshold_3hr_in": 4.44,
        "note": "Not official RFC Flash Flood Guidance. Derived from local empirical threshold grid for pipeline fallback/testing.",
        "susceptibility": "local empirical threshold"
      },
      "geometry": {
        "type": "Polygon",
        "coordinates": [
          [
            [
              -91.05,
              30.2
            ],
            [
              -90.95,
              30.2
            ],
            [
              -90.95,
              30.3
            ],
            [
              -91.05,
              30.3
            ],
            [
              -91.05,
              30.2
            ]
          ]
        ]
      }
    },
    {
      "type": "Feature",
      "properties": {
        "duration": "3h",
        "threshold_3h_in": 1.29,
        "median_3h_in": 1.29,
        "mean_3h_in": 1.38,
        "weighted_mean_3h_in": 1.38,
        "min_3h_in": 0.71,
        "max_3h_in": 2.22,
        "event_count": 4,
        "threshold_category": "high_sensitivity",
        "qc_flag": "ok",
        "qc_reason": "ok",
        "used_for_surface": true,
        "threshold_in": 1.29,
        "median_in": 1.29,
        "mean_in": 1.38,
        "weighted_mean_in": 1.38,
        "min_in": 0.71,
        "max_in": 2.22,
        "name": "Local empirical flash flood threshold cell",
        "source": "local_empirical_threshold_fallback",
        "source_url": "https://raw.githubusercontent.com/mefferso/Flash-Flood-Guidance-Map/main/docs/data/threshold_grid.geojson",
        "threshold_duration_hr": 3,
        "threshold_3hr_in": 1.29,
        "note": "Not official RFC Flash Flood Guidance. Derived from local empirical threshold grid for pipeline fallback/testing.",
        "susceptibility": "local empirical threshold"
      },
      "geometry": {
        "type": "Polygon",
        "coordinates": [
          [
            [
              -89.8,
              30.2
            ],
            [
              -89.7,
              30.2
            ],
            [
              -89.7,
              30.3
            ],
            [
              -89.8,
              30.3
            ],
            [
              -89.8,
              30.2
            ]
          ]
        ]
      }
    },
    {
      "type": "Feature",
      "properties": {
        "duration": "3h",
        "threshold_3h_in": 4.56,
        "median_3h_in": 4.56,
        "mean_3h_in": 4.12,
        "weighted_mean_3h_in": 4.12,
        "min_3h_in": 3.23,
        "max_3h_in": 4.56,
        "event_count": 3,
        "threshold_category": "least_sensitive",
        "qc_flag": "ok",
        "qc_reason": "ok",
        "used_for_surface": true,
        "threshold_in": 4.56,
        "median_in": 4.56,
        "mean_in": 4.12,
        "weighted_mean_in": 4.12,
        "min_in": 3.23,
        "max_in": 4.56,
        "name": "Local empirical flash flood threshold cell",
        "source": "local_empirical_threshold_fallback",
        "source_url": "https://raw.githubusercontent.com/mefferso/Flash-Flood-Guidance-Map/main/docs/data/threshold_grid.geojson",
        "threshold_duration_hr": 3,
        "threshold_3hr_in": 4.56,
        "note": "Not official RFC Flash Flood Guidance. Derived from local empirical threshold grid for pipeline fallback/testing.",
        "susceptibility": "local empirical threshold"
      },
      "geometry": {
        "type": "Polygon",
        "coordinates": [
          [
            [
              -91.3,
              30.25
            ],
            [
              -91.2,
              30.25
            ],
            [
              -91.2,
              30.35
            ],
            [
              -91.3,
              30.35
            ],
            [
              -91.3,
              30.25
            ]
          ]
        ]
      }
    },
    {
      "type": "Feature",
      "properties": {
        "duration": "3h",
        "threshold_3h_in": 1.87,
        "median_3h_in": 1.87,
        "mean_3h_in": 1.87,
        "weighted_mean_3h_in": 1.87,
        "min_3h_in": 1.3,
        "max_3h_in": 2.45,
        "event_count": 2,
        "threshold_category": "high_sensitivity",
        "qc_flag": "ok",
        "qc_reason": "ok",
        "used_for_surface": true,
        "threshold_in": 1.87,
        "median_in": 1.87,
        "mean_in": 1.87,
        "weighted_mean_in": 1.87,
        "min_in": 1.3,
        "max_in": 2.45,
        "name": "Local empirical flash flood threshold cell",
        "source": "local_empirical_threshold_fallback",
        "source_url": "https://raw.githubusercontent.com/mefferso/Flash-Flood-Guidance-Map/main/docs/data/threshold_grid.geojson",
        "threshold_duration_hr": 3,
        "threshold_3hr_in": 1.87,
        "note": "Not official RFC Flash Flood Guidance. Derived from local empirical threshold grid for pipeline fallback/testing.",
        "susceptibility": "local empirical threshold"
      },
      "geometry": {
        "type": "Polygon",
        "coordinates": [
          [
            [
              -91.05,
              30.25
            ],
            [
              -90.95,
              30.25
            ],
            [
              -90.95,
              30.35
            ],
            [
              -91.05,
              30.35
            ],
            [
              -91.05,
              30.25
            ]
          ]
        ]
      }
    },
    {
      "type": "Feature",
      "properties": {
        "duration": "3h",
        "threshold_3h_in": 1.92,
        "median_3h_in": 1.92,
        "mean_3h_in": 1.92,
        "weighted_mean_3h_in": 1.92,
        "min_3h_in": 1.92,
        "max_3h_in": 1.92,
        "event_count": 1,
        "threshold_category": "high_sensitivity",
        "qc_flag": "ok",
        "qc_reason": "ok",
        "used_for_surface": true,
        "threshold_in": 1.92,
        "median_in": 1.92,
        "mean_in": 1.92,
        "weighted_mean_in": 1.92,
        "min_in": 1.92,
        "max_in": 1.92,
        "name": "Local empirical flash flood threshold cell",
        "source": "local_empirical_threshold_fallback",
        "source_url": "https://raw.githubusercontent.com/mefferso/Flash-Flood-Guidance-Map/main/docs/data/threshold_grid.geojson",
        "threshold_duration_hr": 3,
        "threshold_3hr_in": 1.92,
        "note": "Not official RFC Flash Flood Guidance. Derived from local empirical threshold grid for pipeline fallback/testing.",
        "susceptibility": "local empirical threshold"
      },
      "geometry": {
        "type": "Polygon",
        "coordinates": [
          [
            [
              -91.0,
              30.25
            ],
            [
              -90.9,
              30.25
            ],
            [
              -90.9,
              30.35
            ],
            [
              -91.0,
              30.35
            ],
            [
              -91.0,
              30.25
            ]
          ]
        ]
      }
    },
    {
      "type": "Feature",
      "properties": {
        "duration": "3h",
        "threshold_3h_in": 0.61,
        "median_3h_in": 0.61,
        "mean_3h_in": 0.61,
        "weighted_mean_3h_in": 0.61,
        "min_3h_in": 0.16,
        "max_3h_in": 1.07,
        "event_count": 2,
        "threshold_category": "high_sensitivity",
        "qc_flag": "suspect_threshold",
        "qc_reason": "3h threshold below 1.20 inch",
        "used_for_surface": false,
        "threshold_in": 0.61,
        "median_in": 0.61,
        "mean_in": 0.61,
        "weighted_mean_in": 0.61,
        "min_in": 0.16,
        "max_in": 1.07,
        "name": "Local empirical flash flood threshold cell",
        "source": "local_empirical_threshold_fallback",
        "source_url": "https://raw.githubusercontent.com/mefferso/Flash-Flood-Guidance-Map/main/docs/data/threshold_grid.geojson",
        "threshold_duration_hr": 3,
        "threshold_3hr_in": 0.61,
        "note": "Not official RFC Flash Flood Guidance. Derived from local empirical threshold grid for pipeline fallback/testing.",
        "susceptibility": "local empirical threshold"
      },
      "geometry": {
        "type": "Polygon",
        "coordinates": [
          [
            [
              -90.95,
              30.25
            ],
            [
              -90.85000000000001,
              30.25
            ],
            [
              -90.85000000000001,
              30.35
            ],
            [
              -90.95,
              30.35
            ],
            [
              -90.95,
              30.25
            ]
          ]
        ]
      }
    },
    {
      "type": "Feature",
      "properties": {
        "duration": "3h",
        "threshold_3h_in": 2.69,
        "median_3h_in": 2.69,
        "mean_3h_in": 2.69,
        "weighted_mean_3h_in": 2.69,
        "min_3h_in": 1.68,
        "max_3h_in": 3.71,
        "event_count": 2,
        "threshold_category": "moderate_sensitivity",
        "qc_flag": "ok",
        "qc_reason": "ok",
        "used_for_surface": true,
        "threshold_in": 2.69,
        "median_in": 2.69,
        "mean_in": 2.69,
        "weighted_mean_in": 2.69,
        "min_in": 1.68,
        "max_in": 3.71,
        "name": "Local empirical flash flood threshold cell",
        "source": "local_empirical_threshold_fallback",
        "source_url": "https://raw.githubusercontent.com/mefferso/Flash-Flood-Guidance-Map/main/docs/data/threshold_grid.geojson",
        "threshold_duration_hr": 3,
        "threshold_3hr_in": 2.69,
        "note": "Not official RFC Flash Flood Guidance. Derived from local empirical threshold grid for pipeline fallback/testing.",
        "susceptibility": "local empirical threshold"
      },
      "geometry": {
        "type": "Polygon",
        "coordinates": [
          [
            [
              -89.95,
              30.25
            ],
            [
              -89.85000000000001,
              30.25
            ],
            [
              -89.85000000000001,
              30.35
            ],
            [
              -89.95,
              30.35
            ],
            [
              -89.95,
              30.25
            ]
          ]
        ]
      }
    },
    {
      "type": "Feature",
      "properties": {
        "duration": "3h",
        "threshold_3h_in": 2.57,
        "median_3h_in": 2.57,
        "mean_3h_in": 2.57,
        "weighted_mean_3h_in": 2.57,
        "min_3h_in": 2.57,
        "max_3h_in": 2.57,
        "event_count": 1,
        "threshold_category": "moderate_sensitivity",
        "qc_flag": "ok",
        "qc_reason": "ok",
        "used_for_surface": true,
        "threshold_in": 2.57,
        "median_in": 2.57,
        "mean_in": 2.57,
        "weighted_mean_in": 2.57,
        "min_in": 2.57,
        "max_in": 2.57,
        "name": "Local empirical flash flood threshold cell",
        "source": "local_empirical_threshold_fallback",
        "source_url": "https://raw.githubusercontent.com/mefferso/Flash-Flood-Guidance-Map/main/docs/data/threshold_grid.geojson",
        "threshold_duration_hr": 3,
        "threshold_3hr_in": 2.57,
        "note": "Not official RFC Flash Flood Guidance. Derived from local empirical threshold grid for pipeline fallback/testing.",
        "susceptibility": "local empirical threshold"
      },
      "geometry": {
        "type": "Polygon",
        "coordinates": [
          [
            [
              -89.9,
              30.25
            ],
            [
              -89.80000000000001,
              30.25
            ],
            [
              -89.80000000000001,
              30.35
            ],
            [
              -89.9,
              30.35
            ],
            [
              -89.9,
              30.25
            ]
          ]
        ]
      }
    },
    {
      "type": "Feature",
      "properties": {
        "duration": "3h",
        "threshold_3h_in": 1.62,
        "median_3h_in": 1.62,
        "mean_3h_in": 1.54,
        "weighted_mean_3h_in": 1.54,
        "min_3h_in": 0.06,
        "max_3h_in": 2.29,
        "event_count": 10,
        "threshold_category": "high_sensitivity",
        "qc_flag": "ok",
        "qc_reason": "ok",
        "used_for_surface": true,
        "threshold_in": 1.62,
        "median_in": 1.62,
        "mean_in": 1.54,
        "weighted_mean_in": 1.54,
        "min_in": 0.06,
        "max_in": 2.29,
        "name": "Local empirical flash flood threshold cell",
        "source": "local_empirical_threshold_fallback",
        "source_url": "https://raw.githubusercontent.com/mefferso/Flash-Flood-Guidance-Map/main/docs/data/threshold_grid.geojson",
        "threshold_duration_hr": 3,
        "threshold_3hr_in": 1.62,
        "note": "Not official RFC Flash Flood Guidance. Derived from local empirical threshold grid for pipeline fallback/testing.",
        "susceptibility": "local empirical threshold"
      },
      "geometry": {
        "type": "Polygon",
        "coordinates": [
          [
            [
              -89.85000000000001,
              30.25
            ],
            [
              -89.75000000000001,
              30.25
            ],
            [
              -89.75000000000001,
              30.35
            ],
            [
              -89.85000000000001,
              30.35
            ],
            [
              -89.85000000000001,
              30.25
            ]
          ]
        ]
      }
    },
    {
      "type": "Feature",
      "properties": {
        "duration": "3h",
        "threshold_3h_in": 2.44,
        "median_3h_in": 2.44,
        "mean_3h_in": 2.52,
        "weighted_mean_3h_in": 2.52,
        "min_3h_in": 0.95,
        "max_3h_in": 5.98,
        "event_count": 17,
        "threshold_category": "moderate_sensitivity",
        "qc_flag": "ok",
        "qc_reason": "ok",
        "used_for_surface": true,
        "threshold_in": 2.44,
        "median_in": 2.44,
        "mean_in": 2.52,
        "weighted_mean_in": 2.52,
        "min_in": 0.95,
        "max_in": 5.98,
        "name": "Local empirical flash flood threshold cell",
        "source": "local_empirical_threshold_fallback",
        "source_url": "https://raw.githubusercontent.com/mefferso/Flash-Flood-Guidance-Map/main/docs/data/threshold_grid.geojson",
        "threshold_duration_hr": 3,
        "threshold_3hr_in": 2.44,
        "note": "Not official RFC Flash Flood Guidance. Derived from local empirical threshold grid for pipeline fallback/testing.",
        "susceptibility": "local empirical threshold"
      },
      "geometry": {
        "type": "Polygon",
        "coordinates": [
          [
            [
              -89.8,
              30.25
            ],
            [
              -89.7,
              30.25
            ],
            [
              -89.7,
              30.35
            ],
            [
              -89.8,
              30.35
            ],
            [
              -89.8,
              30.25
            ]
          ]
        ]
      }
    },
    {
      "type": "Feature",
      "properties": {
        "duration": "3h",
        "threshold_3h_in": 2.05,
        "median_3h_in": 2.05,
        "mean_3h_in": 2.05,
        "weighted_mean_3h_in": 2.05,
        "min_3h_in": 2.05,
        "max_3h_in": 2.05,
        "event_count": 1,
        "threshold_category": "moderate_sensitivity",
        "qc_flag": "ok",
        "qc_reason": "ok",
        "used_for_surface": true,
        "threshold_in": 2.05,
        "median_in": 2.05,
        "mean_in": 2.05,
        "weighted_mean_in": 2.05,
        "min_in": 2.05,
        "max_in": 2.05,
        "name": "Local empirical flash flood threshold cell",
        "source": "local_empirical_threshold_fallback",
        "source_url": "https://raw.githubusercontent.com/mefferso/Flash-Flood-Guidance-Map/main/docs/data/threshold_grid.geojson",
        "threshold_duration_hr": 3,
        "threshold_3hr_in": 2.05,
        "note": "Not official RFC Flash Flood Guidance. Derived from local empirical threshold grid for pipeline fallback/testing.",
        "susceptibility": "local empirical threshold"
      },
      "geometry": {
        "type": "Polygon",
        "coordinates": [
          [
            [
              -89.75,
              30.25
            ],
            [
              -89.65,
              30.25
            ],
            [
              -89.65,
              30.35
            ],
            [
              -89.75,
              30.35
            ],
            [
              -89.75,
              30.25
            ]
          ]
        ]
      }
    },
    {
      "type": "Feature",
      "properties": {
        "duration": "3h",
        "threshold_3h_in": 0.89,
        "median_3h_in": 0.89,
        "mean_3h_in": 0.89,
        "weighted_mean_3h_in": 0.89,
        "min_3h_in": 0.89,
        "max_3h_in": 0.89,
        "event_count": 1,
        "threshold_category": "high_sensitivity",
        "qc_flag": "suspect_threshold",
        "qc_reason": "3h threshold below 1.20 inch",
        "used_for_surface": false,
        "threshold_in": 0.89,
        "median_in": 0.89,
        "mean_in": 0.89,
        "weighted_mean_in": 0.89,
        "min_in": 0.89,
        "max_in": 0.89,
        "name": "Local empirical flash flood threshold cell",
        "source": "local_empirical_threshold_fallback",
        "source_url": "https://raw.githubusercontent.com/mefferso/Flash-Flood-Guidance-Map/main/docs/data/threshold_grid.geojson",
        "threshold_duration_hr": 3,
        "threshold_3hr_in": 0.89,
        "note": "Not official RFC Flash Flood Guidance. Derived from local empirical threshold grid for pipeline fallback/testing.",
        "susceptibility": "local empirical threshold"
      },
      "geometry": {
        "type": "Polygon",
        "coordinates": [
          [
            [
              -89.4,
              30.25
            ],
            [
              -89.30000000000001,
              30.25
            ],
            [
              -89.30000000000001,
              30.35
            ],
            [
              -89.4,
              30.35
            ],
            [
              -89.4,
              30.25
            ]
          ]
        ]
      }
    },
    {
      "type": "Feature",
      "properties": {
        "duration": "3h",
        "threshold_3h_in": 3.59,
        "median_3h_in": 3.59,
        "mean_3h_in": 3.59,
        "weighted_mean_3h_in": 3.59,
        "min_3h_in": 3.59,
        "max_3h_in": 3.59,
        "event_count": 1,
        "threshold_category": "lower_sensitivity",
        "qc_flag": "ok",
        "qc_reason": "ok",
        "used_for_surface": true,
        "threshold_in": 3.59,
        "median_in": 3.59,
        "mean_in": 3.59,
        "weighted_mean_in": 3.59,
        "min_in": 3.59,
        "max_in": 3.59,
        "name": "Local empirical flash flood threshold cell",
        "source": "local_empirical_threshold_fallback",
        "source_url": "https://raw.githubusercontent.com/mefferso/Flash-Flood-Guidance-Map/main/docs/data/threshold_grid.geojson",
        "threshold_duration_hr": 3,
        "threshold_3hr_in": 3.59,
        "note": "Not official RFC Flash Flood Guidance. Derived from local empirical threshold grid for pipeline fallback/testing.",
        "susceptibility": "local empirical threshold"
      },
      "geometry": {
        "type": "Polygon",
        "coordinates": [
          [
            [
              -89.35000000000001,
              30.25
            ],
            [
              -89.25000000000001,
              30.25
            ],
            [
              -89.25000000000001,
              30.35
            ],
            [
              -89.35000000000001,
              30.35
            ],
            [
              -89.35000000000001,
              30.25
            ]
          ]
        ]
      }
    },
    {
      "type": "Feature",
      "properties": {
        "duration": "3h",
        "threshold_3h_in": 4.52,
        "median_3h_in": 4.52,
        "mean_3h_in": 4.52,
        "weighted_mean_3h_in": 4.52,
        "min_3h_in": 4.52,
        "max_3h_in": 4.52,
        "event_count": 1,
        "threshold_category": "least_sensitive",
        "qc_flag": "ok",
        "qc_reason": "ok",
        "used_for_surface": true,
        "threshold_in": 4.52,
        "median_in": 4.52,
        "mean_in": 4.52,
        "weighted_mean_in": 4.52,
        "min_in": 4.52,
        "max_in": 4.52,
        "name": "Local empirical flash flood threshold cell",
        "source": "local_empirical_threshold_fallback",
        "source_url": "https://raw.githubusercontent.com/mefferso/Flash-Flood-Guidance-Map/main/docs/data/threshold_grid.geojson",
        "threshold_duration_hr": 3,
        "threshold_3hr_in": 4.52,
        "note": "Not official RFC Flash Flood Guidance. Derived from local empirical threshold grid for pipeline fallback/testing.",
        "susceptibility": "local empirical threshold"
      },
      "geometry": {
        "type": "Polygon",
        "coordinates": [
          [
            [
              -91.35000000000001,
              30.3
            ],
            [
              -91.25000000000001,
              30.3
            ],
            [
              -91.25000000000001,
              30.400000000000002
            ],
            [
              -91.35000000000001,
              30.400000000000002
            ],
            [
              -91.35000000000001,
              30.3
            ]
          ]
        ]
      }
    },
    {
      "type": "Feature",
      "properties": {
        "duration": "3h",
        "threshold_3h_in": 6.43,
        "median_3h_in": 6.43,
        "mean_3h_in": 6.45,
        "weighted_mean_3h_in": 6.45,
        "min_3h_in": 6.43,
        "max_3h_in": 6.51,
        "event_count": 3,
        "threshold_category": "least_sensitive",
        "qc_flag": "ok",
        "qc_reason": "ok",
        "used_for_surface": true,
        "threshold_in": 6.43,
        "median_in": 6.43,
        "mean_in": 6.45,
        "weighted_mean_in": 6.45,
        "min_in": 6.43,
        "max_in": 6.51,
        "name": "Local empirical flash flood threshold cell",
        "source": "local_empirical_threshold_fallback",
        "source_url": "https://raw.githubusercontent.com/mefferso/Flash-Flood-Guidance-Map/main/docs/data/threshold_grid.geojson",
        "threshold_duration_hr": 3,
        "threshold_3hr_in": 6.43,
        "note": "Not official RFC Flash Flood Guidance. Derived from local empirical threshold grid for pipeline fallback/testing.",
        "susceptibility": "local empirical threshold"
      },
      "geometry": {
        "type": "Polygon",
        "coordinates": [
          [
            [
              -91.3,
              30.3
            ],
            [
              -91.2,
              30.3
            ],
            [
              -91.2,
              30.400000000000002
            ],
            [
              -91.3,
              30.400000000000002
            ],
            [
              -91.3,
              30.3
            ]
          ]
        ]
      }
    },
    {
      "type": "Feature",
      "properties": {
        "duration": "3h",
        "threshold_3h_in": 3.88,
        "median_3h_in": 3.88,
        "mean_3h_in": 3.88,
        "weighted_mean_3h_in": 3.88,
        "min_3h_in": 2.94,
        "max_3h_in": 4.82,
        "event_count": 2,
        "threshold_category": "lower_sensitivity",
        "qc_flag": "ok",
        "qc_reason": "ok",
        "used_for_surface": true,
        "threshold_in": 3.88,
        "median_in": 3.88,
        "mean_in": 3.88,
        "weighted_mean_in": 3.88,
        "min_in": 2.94,
        "max_in": 4.82,
        "name": "Local empirical flash flood threshold cell",
        "source": "local_empirical_threshold_fallback",
        "source_url": "https://raw.githubusercontent.com/mefferso/Flash-Flood-Guidance-Map/main/docs/data/threshold_grid.geojson",
        "threshold_duration_hr": 3,
        "threshold_3hr_in": 3.88,
        "note": "Not official RFC Flash Flood Guidance. Derived from local empirical threshold grid for pipeline fallback/testing.",
        "susceptibility": "local empirical threshold"
      },
      "geometry": {
        "type": "Polygon",
        "coordinates": [
          [
            [
              -91.15,
              30.3
            ],
            [
              -91.05000000000001,
              30.3
            ],
            [
              -91.05000000000001,
              30.400000000000002
            ],
            [
              -91.15,
              30.400000000000002
            ],
            [
              -91.15,
              30.3
            ]
          ]
        ]
      }
    },
    {
      "type": "Feature",
      "properties": {
        "duration": "3h",
        "threshold_3h_in": 2.56,
        "median_3h_in": 2.56,
        "mean_3h_in": 2.56,
        "weighted_mean_3h_in": 2.56,
        "min_3h_in": 0.97,
        "max_3h_in": 4.14,
        "event_count": 2,
        "threshold_category": "moderate_sensitivity",
        "qc_flag": "ok",
        "qc_reason": "ok",
        "used_for_surface": true,
        "threshold_in": 2.56,
        "median_in": 2.56,
        "mean_in": 2.56,
        "weighted_mean_in": 2.56,
        "min_in": 0.97,
        "max_in": 4.14,
        "name": "Local empirical flash flood threshold cell",
        "source": "local_empirical_threshold_fallback",
        "source_url": "https://raw.githubusercontent.com/mefferso/Flash-Flood-Guidance-Map/main/docs/data/threshold_grid.geojson",
        "threshold_duration_hr": 3,
        "threshold_3hr_in": 2.56,
        "note": "Not official RFC Flash Flood Guidance. Derived from local empirical threshold grid for pipeline fallback/testing.",
        "susceptibility": "local empirical threshold"
      },
      "geometry": {
        "type": "Polygon",
        "coordinates": [
          [
            [
              -91.10000000000001,
              30.3
            ],
            [
              -91.00000000000001,
              30.3
            ],
            [
              -91.00000000000001,
              30.400000000000002
            ],
            [
              -91.10000000000001,
              30.400000000000002
            ],
            [
              -91.10000000000001,
              30.3
            ]
          ]
        ]
      }
    },
    {
      "type": "Feature",
      "properties": {
        "duration": "3h",
        "threshold_3h_in": 1.29,
        "median_3h_in": 1.29,
        "mean_3h_in": 1.19,
        "weighted_mean_3h_in": 1.19,
        "min_3h_in": 0.46,
        "max_3h_in": 1.8,
        "event_count": 3,
        "threshold_category": "high_sensitivity",
        "qc_flag": "ok",
        "qc_reason": "ok",
        "used_for_surface": true,
        "threshold_in": 1.29,
        "median_in": 1.29,
        "mean_in": 1.19,
        "weighted_mean_in": 1.19,
        "min_in": 0.46,
        "max_in": 1.8,
        "name": "Local empirical flash flood threshold cell",
        "source": "local_empirical_threshold_fallback",
        "source_url": "https://raw.githubusercontent.com/mefferso/Flash-Flood-Guidance-Map/main/docs/data/threshold_grid.geojson",
        "threshold_duration_hr": 3,
        "threshold_3hr_in": 1.29,
        "note": "Not official RFC Flash Flood Guidance. Derived from local empirical threshold grid for pipeline fallback/testing.",
        "susceptibility": "local empirical threshold"
      },
      "geometry": {
        "type": "Polygon",
        "coordinates": [
          [
            [
              -91.05,
              30.3
            ],
            [
              -90.95,
              30.3
            ],
            [
              -90.95,
              30.400000000000002
            ],
            [
              -91.05,
              30.400000000000002
            ],
            [
              -91.05,
              30.3
            ]
          ]
        ]
      }
    },
    {
      "type": "Feature",
      "properties": {
        "duration": "3h",
        "threshold_3h_in": 1.56,
        "median_3h_in": 1.56,
        "mean_3h_in": 1.56,
        "weighted_mean_3h_in": 1.56,
        "min_3h_in": 1.56,
        "max_3h_in": 1.56,
        "event_count": 1,
        "threshold_category": "high_sensitivity",
        "qc_flag": "ok",
        "qc_reason": "ok",
        "used_for_surface": true,
        "threshold_in": 1.56,
        "median_in": 1.56,
        "mean_in": 1.56,
        "weighted_mean_in": 1.56,
        "min_in": 1.56,
        "max_in": 1.56,
        "name": "Local empirical flash flood threshold cell",
        "source": "local_empirical_threshold_fallback",
        "source_url": "https://raw.githubusercontent.com/mefferso/Flash-Flood-Guidance-Map/main/docs/data/threshold_grid.geojson",
        "threshold_duration_hr": 3,
        "threshold_3hr_in": 1.56,
        "note": "Not official RFC Flash Flood Guidance. Derived from local empirical threshold grid for pipeline fallback/testing.",
        "susceptibility": "local empirical threshold"
      },
      "geometry": {
        "type": "Polygon",
        "coordinates": [
          [
            [
              -90.85000000000001,
              30.3
            ],
            [
              -90.75000000000001,
              30.3
            ],
            [
              -90.75000000000001,
              30.400000000000002
            ],
            [
              -90.85000000000001,
              30.400000000000002
            ],
            [
              -90.85000000000001,
              30.3
            ]
          ]
        ]
      }
    },
    {
      "type": "Feature",
      "properties": {
        "duration": "3h",
        "threshold_3h_in": 3.93,
        "median_3h_in": 3.93,
        "mean_3h_in": 3.93,
        "weighted_mean_3h_in": 3.93,
        "min_3h_in": 3.93,
        "max_3h_in": 3.93,
        "event_count": 1,
        "threshold_category": "lower_sensitivity",
        "qc_flag": "ok",
        "qc_reason": "ok",
        "used_for_surface": true,
        "threshold_in": 3.93,
        "median_in": 3.93,
        "mean_in": 3.93,
        "weighted_mean_in": 3.93,
        "min_in": 3.93,
        "max_in": 3.93,
        "name": "Local empirical flash flood threshold cell",
        "source": "local_empirical_threshold_fallback",
        "source_url": "https://raw.githubusercontent.com/mefferso/Flash-Flood-Guidance-Map/main/docs/data/threshold_grid.geojson",
        "threshold_duration_hr": 3,
        "threshold_3hr_in": 3.93,
        "note": "Not official RFC Flash Flood Guidance. Derived from local empirical threshold grid for pipeline fallback/testing.",
        "susceptibility": "local empirical threshold"
      },
      "geometry": {
        "type": "Polygon",
        "coordinates": [
          [
            [
              -90.15,
              30.3
            ],
            [
              -90.05000000000001,
              30.3
            ],
            [
              -90.05000000000001,
              30.400000000000002
            ],
            [
              -90.15,
              30.400000000000002
            ],
            [
              -90.15,
              30.3
            ]
          ]
        ]
      }
    },
    {
      "type": "Feature",
      "properties": {
        "duration": "3h",
        "threshold_3h_in": 3.72,
        "median_3h_in": 3.72,
        "mean_3h_in": 3.7,
        "weighted_mean_3h_in": 3.7,
        "min_3h_in": 2.71,
        "max_3h_in": 4.72,
        "event_count": 13,
        "threshold_category": "lower_sensitivity",
        "qc_flag": "ok",
        "qc_reason": "ok",
        "used_for_surface": true,
        "threshold_in": 3.72,
        "median_in": 3.72,
        "mean_in": 3.7,
        "weighted_mean_in": 3.7,
        "min_in": 2.71,
        "max_in": 4.72,
        "name": "Local empirical flash flood threshold cell",
        "source": "local_empirical_threshold_fallback",
        "source_url": "https://raw.githubusercontent.com/mefferso/Flash-Flood-Guidance-Map/main/docs/data/threshold_grid.geojson",
        "threshold_duration_hr": 3,
        "threshold_3hr_in": 3.72,
        "note": "Not official RFC Flash Flood Guidance. Derived from local empirical threshold grid for pipeline fallback/testing.",
        "susceptibility": "local empirical threshold"
      },
      "geometry": {
        "type": "Polygon",
        "coordinates": [
          [
            [
              -90.10000000000001,
              30.3
            ],
            [
              -90.00000000000001,
              30.3
            ],
            [
              -90.00000000000001,
              30.400000000000002
            ],
            [
              -90.10000000000001,
              30.400000000000002
            ],
            [
              -90.10000000000001,
              30.3
            ]
          ]
        ]
      }
    },
    {
      "type": "Feature",
      "properties": {
        "duration": "3h",
        "threshold_3h_in": 3.2,
        "median_3h_in": 3.2,
        "mean_3h_in": 3.2,
        "weighted_mean_3h_in": 3.2,
        "min_3h_in": 2.95,
        "max_3h_in": 3.44,
        "event_count": 2,
        "threshold_category": "lower_sensitivity",
        "qc_flag": "ok",
        "qc_reason": "ok",
        "used_for_surface": true,
        "threshold_in": 3.2,
        "median_in": 3.2,
        "mean_in": 3.2,
        "weighted_mean_in": 3.2,
        "min_in": 2.95,
        "max_in": 3.44,
        "name": "Local empirical flash flood threshold cell",
        "source": "local_empirical_threshold_fallback",
        "source_url": "https://raw.githubusercontent.com/mefferso/Flash-Flood-Guidance-Map/main/docs/data/threshold_grid.geojson",
        "threshold_duration_hr": 3,
        "threshold_3hr_in": 3.2,
        "note": "Not official RFC Flash Flood Guidance. Derived from local empirical threshold grid for pipeline fallback/testing.",
        "susceptibility": "local empirical threshold"
      },
      "geometry": {
        "type": "Polygon",
        "coordinates": [
          [
            [
              -89.9,
              30.3
            ],
            [
              -89.80000000000001,
              30.3
            ],
            [
              -89.80000000000001,
              30.400000000000002
            ],
            [
              -89.9,
              30.400000000000002
            ],
            [
              -89.9,
              30.3
            ]
          ]
        ]
      }
    },
    {
      "type": "Feature",
      "properties": {
        "duration": "3h",
        "threshold_3h_in": 1.43,
        "median_3h_in": 1.43,
        "mean_3h_in": 1.43,
        "weighted_mean_3h_in": 1.43,
        "min_3h_in": 1.43,
        "max_3h_in": 1.43,
        "event_count": 1,
        "threshold_category": "high_sensitivity",
        "qc_flag": "ok",
        "qc_reason": "ok",
        "used_for_surface": true,
        "threshold_in": 1.43,
        "median_in": 1.43,
        "mean_in": 1.43,
        "weighted_mean_in": 1.43,
        "min_in": 1.43,
        "max_in": 1.43,
        "name": "Local empirical flash flood threshold cell",
        "source": "local_empirical_threshold_fallback",
        "source_url": "https://raw.githubusercontent.com/mefferso/Flash-Flood-Guidance-Map/main/docs/data/threshold_grid.geojson",
        "threshold_duration_hr": 3,
        "threshold_3hr_in": 1.43,
        "note": "Not official RFC Flash Flood Guidance. Derived from local empirical threshold grid for pipeline fallback/testing.",
        "susceptibility": "local empirical threshold"
      },
      "geometry": {
        "type": "Polygon",
        "coordinates": [
          [
            [
              -89.8,
              30.3
            ],
            [
              -89.7,
              30.3
            ],
            [
              -89.7,
              30.400000000000002
            ],
            [
              -89.8,
              30.400000000000002
            ],
            [
              -89.8,
              30.3
            ]
          ]
        ]
      }
    },
    {
      "type": "Feature",
      "properties": {
        "duration": "3h",
        "threshold_3h_in": 3.69,
        "median_3h_in": 3.69,
        "mean_3h_in": 3.69,
        "weighted_mean_3h_in": 3.69,
        "min_3h_in": 3.69,
        "max_3h_in": 3.69,
        "event_count": 1,
        "threshold_category": "lower_sensitivity",
        "qc_flag": "ok",
        "qc_reason": "ok",
        "used_for_surface": true,
        "threshold_in": 3.69,
        "median_in": 3.69,
        "mean_in": 3.69,
        "weighted_mean_in": 3.69,
        "min_in": 3.69,
        "max_in": 3.69,
        "name": "Local empirical flash flood threshold cell",
        "source": "local_empirical_threshold_fallback",
        "source_url": "https://raw.githubusercontent.com/mefferso/Flash-Flood-Guidance-Map/main/docs/data/threshold_grid.geojson",
        "threshold_duration_hr": 3,
        "threshold_3hr_in": 3.69,
        "note": "Not official RFC Flash Flood Guidance. Derived from local empirical threshold grid for pipeline fallback/testing.",
        "susceptibility": "local empirical threshold"
      },
      "geometry": {
        "type": "Polygon",
        "coordinates": [
          [
            [
              -89.25,
              30.3
            ],
            [
              -89.15,
              30.3
            ],
            [
              -89.15,
              30.400000000000002
            ],
            [
              -89.25,
              30.400000000000002
            ],
            [
              -89.25,
              30.3
            ]
          ]
        ]
      }
    },
    {
      "type": "Feature",
      "properties": {
        "duration": "3h",
        "threshold_3h_in": 2.3,
        "median_3h_in": 2.3,
        "mean_3h_in": 2.77,
        "weighted_mean_3h_in": 2.77,
        "min_3h_in": 2.3,
        "max_3h_in": 3.71,
        "event_count": 3,
        "threshold_category": "moderate_sensitivity",
        "qc_flag": "ok",
        "qc_reason": "ok",
        "used_for_surface": true,
        "threshold_in": 2.3,
        "median_in": 2.3,
        "mean_in": 2.77,
        "weighted_mean_in": 2.77,
        "min_in": 2.3,
        "max_in": 3.71,
        "name": "Local empirical flash flood threshold cell",
        "source": "local_empirical_threshold_fallback",
        "source_url": "https://raw.githubusercontent.com/mefferso/Flash-Flood-Guidance-Map/main/docs/data/threshold_grid.geojson",
        "threshold_duration_hr": 3,
        "threshold_3hr_in": 2.3,
        "note": "Not official RFC Flash Flood Guidance. Derived from local empirical threshold grid for pipeline fallback/testing.",
        "susceptibility": "local empirical threshold"
      },
      "geometry": {
        "type": "Polygon",
        "coordinates": [
          [
            [
              -89.2,
              30.3
            ],
            [
              -89.10000000000001,
              30.3
            ],
            [
              -89.10000000000001,
              30.400000000000002
            ],
            [
              -89.2,
              30.400000000000002
            ],
            [
              -89.2,
              30.3
            ]
          ]
        ]
      }
    },
    {
      "type": "Feature",
      "properties": {
        "duration": "3h",
        "threshold_3h_in": 2.07,
        "median_3h_in": 2.07,
        "mean_3h_in": 2.07,
        "weighted_mean_3h_in": 2.07,
        "min_3h_in": 2.07,
        "max_3h_in": 2.07,
        "event_count": 1,
        "threshold_category": "moderate_sensitivity",
        "qc_flag": "ok",
        "qc_reason": "ok",
        "used_for_surface": true,
        "threshold_in": 2.07,
        "median_in": 2.07,
        "mean_in": 2.07,
        "weighted_mean_in": 2.07,
        "min_in": 2.07,
        "max_in": 2.07,
        "name": "Local empirical flash flood threshold cell",
        "source": "local_empirical_threshold_fallback",
        "source_url": "https://raw.githubusercontent.com/mefferso/Flash-Flood-Guidance-Map/main/docs/data/threshold_grid.geojson",
        "threshold_duration_hr": 3,
        "threshold_3hr_in": 2.07,
        "note": "Not official RFC Flash Flood Guidance. Derived from local empirical threshold grid for pipeline fallback/testing.",
        "susceptibility": "local empirical threshold"
      },
      "geometry": {
        "type": "Polygon",
        "coordinates": [
          [
            [
              -89.15,
              30.3
            ],
            [
              -89.05000000000001,
              30.3
            ],
            [
              -89.05000000000001,
              30.400000000000002
            ],
            [
              -89.15,
              30.400000000000002
            ],
            [
              -89.15,
              30.3
            ]
          ]
        ]
      }
    },
    {
      "type": "Feature",
      "properties": {
        "duration": "3h",
        "threshold_3h_in": 3.14,
        "median_3h_in": 3.14,
        "mean_3h_in": 3.14,
        "weighted_mean_3h_in": 3.14,
        "min_3h_in": 3.14,
        "max_3h_in": 3.14,
        "event_count": 1,
        "threshold_category": "lower_sensitivity",
        "qc_flag": "ok",
        "qc_reason": "ok",
        "used_for_surface": true,
        "threshold_in": 3.14,
        "median_in": 3.14,
        "mean_in": 3.14,
        "weighted_mean_in": 3.14,
        "min_in": 3.14,
        "max_in": 3.14,
        "name": "Local empirical flash flood threshold cell",
        "source": "local_empirical_threshold_fallback",
        "source_url": "https://raw.githubusercontent.com/mefferso/Flash-Flood-Guidance-Map/main/docs/data/threshold_grid.geojson",
        "threshold_duration_hr": 3,
        "threshold_3hr_in": 3.14,
        "note": "Not official RFC Flash Flood Guidance. Derived from local empirical threshold grid for pipeline fallback/testing.",
        "susceptibility": "local empirical threshold"
      },
      "geometry": {
        "type": "Polygon",
        "coordinates": [
          [
            [
              -88.8,
              30.3
            ],
            [
              -88.7,
              30.3
            ],
            [
              -88.7,
              30.400000000000002
            ],
            [
              -88.8,
              30.400000000000002
            ],
            [
              -88.8,
              30.3
            ]
          ]
        ]
      }
    },
    {
      "type": "Feature",
      "properties": {
        "duration": "3h",
        "threshold_3h_in": 2.79,
        "median_3h_in": 2.79,
        "mean_3h_in": 2.79,
        "weighted_mean_3h_in": 2.79,
        "min_3h_in": 1.48,
        "max_3h_in": 4.11,
        "event_count": 2,
        "threshold_category": "moderate_sensitivity",
        "qc_flag": "ok",
        "qc_reason": "ok",
        "used_for_surface": true,
        "threshold_in": 2.79,
        "median_in": 2.79,
        "mean_in": 2.79,
        "weighted_mean_in": 2.79,
        "min_in": 1.48,
        "max_in": 4.11,
        "name": "Local empirical flash flood threshold cell",
        "source": "local_empirical_threshold_fallback",
        "source_url": "https://raw.githubusercontent.com/mefferso/Flash-Flood-Guidance-Map/main/docs/data/threshold_grid.geojson",
        "threshold_duration_hr": 3,
        "threshold_3hr_in": 2.79,
        "note": "Not official RFC Flash Flood Guidance. Derived from local empirical threshold grid for pipeline fallback/testing.",
        "susceptibility": "local empirical threshold"
      },
      "geometry": {
        "type": "Polygon",
        "coordinates": [
          [
            [
              -88.60000000000001,
              30.3
            ],
            [
              -88.50000000000001,
              30.3
            ],
            [
              -88.50000000000001,
              30.400000000000002
            ],
            [
              -88.60000000000001,
              30.400000000000002
            ],
            [
              -88.60000000000001,
              30.3
            ]
          ]
        ]
      }
    },
    {
      "type": "Feature",
      "properties": {
        "duration": "3h",
        "threshold_3h_in": 4.52,
        "median_3h_in": 4.52,
        "mean_3h_in": 4.52,
        "weighted_mean_3h_in": 4.52,
        "min_3h_in": 4.52,
        "max_3h_in": 4.52,
        "event_count": 1,
        "threshold_category": "least_sensitive",
        "qc_flag": "ok",
        "qc_reason": "ok",
        "used_for_surface": true,
        "threshold_in": 4.52,
        "median_in": 4.52,
        "mean_in": 4.52,
        "weighted_mean_in": 4.52,
        "min_in": 4.52,
        "max_in": 4.52,
        "name": "Local empirical flash flood threshold cell",
        "source": "local_empirical_threshold_fallback",
        "source_url": "https://raw.githubusercontent.com/mefferso/Flash-Flood-Guidance-Map/main/docs/data/threshold_grid.geojson",
        "threshold_duration_hr": 3,
        "threshold_3hr_in": 4.52,
        "note": "Not official RFC Flash Flood Guidance. Derived from local empirical threshold grid for pipeline fallback/testing.",
        "susceptibility": "local empirical threshold"
      },
      "geometry": {
        "type": "Polygon",
        "coordinates": [
          [
            [
              -91.3,
              30.35
            ],
            [
              -91.2,
              30.35
            ],
            [
              -91.2,
              30.450000000000003
            ],
            [
              -91.3,
              30.450000000000003
            ],
            [
              -91.3,
              30.35
            ]
          ]
        ]
      }
    },
    {
      "type": "Feature",
      "properties": {
        "duration": "3h",
        "threshold_3h_in": 1.66,
        "median_3h_in": 1.66,
        "mean_3h_in": 1.79,
        "weighted_mean_3h_in": 1.79,
        "min_3h_in": 1.36,
        "max_3h_in": 2.49,
        "event_count": 5,
        "threshold_category": "high_sensitivity",
        "qc_flag": "ok",
        "qc_reason": "ok",
        "used_for_surface": true,
        "threshold_in": 1.66,
        "median_in": 1.66,
        "mean_in": 1.79,
        "weighted_mean_in": 1.79,
        "min_in": 1.36,
        "max_in": 2.49,
        "name": "Local empirical flash flood threshold cell",
        "source": "local_empirical_threshold_fallback",
        "source_url": "https://raw.githubusercontent.com/mefferso/Flash-Flood-Guidance-Map/main/docs/data/threshold_grid.geojson",
        "threshold_duration_hr": 3,
        "threshold_3hr_in": 1.66,
        "note": "Not official RFC Flash Flood Guidance. Derived from local empirical threshold grid for pipeline fallback/testing.",
        "susceptibility": "local empirical threshold"
      },
      "geometry": {
        "type": "Polygon",
        "coordinates": [
          [
            [
              -91.25,
              30.35
            ],
            [
              -91.15,
              30.35
            ],
            [
              -91.15,
              30.450000000000003
            ],
            [
              -91.25,
              30.450000000000003
            ],
            [
              -91.25,
              30.35
            ]
          ]
        ]
      }
    },
    {
      "type": "Feature",
      "properties": {
        "duration": "3h",
        "threshold_3h_in": 1.15,
        "median_3h_in": 1.15,
        "mean_3h_in": 1.26,
        "weighted_mean_3h_in": 1.26,
        "min_3h_in": 0.16,
        "max_3h_in": 2.62,
        "event_count": 10,
        "threshold_category": "high_sensitivity",
        "qc_flag": "suspect_threshold",
        "qc_reason": "3h threshold below 1.20 inch",
        "used_for_surface": false,
        "threshold_in": 1.15,
        "median_in": 1.15,
        "mean_in": 1.26,
        "weighted_mean_in": 1.26,
        "min_in": 0.16,
        "max_in": 2.62,
        "name": "Local empirical flash flood threshold cell",
        "source": "local_empirical_threshold_fallback",
        "source_url": "https://raw.githubusercontent.com/mefferso/Flash-Flood-Guidance-Map/main/docs/data/threshold_grid.geojson",
        "threshold_duration_hr": 3,
        "threshold_3hr_in": 1.15,
        "note": "Not official RFC Flash Flood Guidance. Derived from local empirical threshold grid for pipeline fallback/testing.",
        "susceptibility": "local empirical threshold"
      },
      "geometry": {
        "type": "Polygon",
        "coordinates": [
          [
            [
              -91.2,
              30.35
            ],
            [
              -91.10000000000001,
              30.35
            ],
            [
              -91.10000000000001,
              30.450000000000003
            ],
            [
              -91.2,
              30.450000000000003
            ],
            [
              -91.2,
              30.35
            ]
          ]
        ]
      }
    },
    {
      "type": "Feature",
      "properties": {
        "duration": "3h",
        "threshold_3h_in": 2.44,
        "median_3h_in": 2.44,
        "mean_3h_in": 2.37,
        "weighted_mean_3h_in": 2.37,
        "min_3h_in": 1.44,
        "max_3h_in": 3.22,
        "event_count": 9,
        "threshold_category": "moderate_sensitivity",
        "qc_flag": "ok",
        "qc_reason": "ok",
        "used_for_surface": true,
        "threshold_in": 2.44,
        "median_in": 2.44,
        "mean_in": 2.37,
        "weighted_mean_in": 2.37,
        "min_in": 1.44,
        "max_in": 3.22,
        "name": "Local empirical flash flood threshold cell",
        "source": "local_empirical_threshold_fallback",
        "source_url": "https://raw.githubusercontent.com/mefferso/Flash-Flood-Guidance-Map/main/docs/data/threshold_grid.geojson",
        "threshold_duration_hr": 3,
        "threshold_3hr_in": 2.44,
        "note": "Not official RFC Flash Flood Guidance. Derived from local empirical threshold grid for pipeline fallback/testing.",
        "susceptibility": "local empirical threshold"
      },
      "geometry": {
        "type": "Polygon",
        "coordinates": [
          [
            [
              -91.15,
              30.35
            ],
            [
              -91.05000000000001,
              30.35
            ],
            [
              -91.05000000000001,
              30.450000000000003
            ],
            [
              -91.15,
              30.450000000000003
            ],
            [
              -91.15,
              30.35
            ]
          ]
        ]
      }
    },
    {
      "type": "Feature",
      "properties": {
        "duration": "3h",
        "threshold_3h_in": 1.99,
        "median_3h_in": 1.99,
        "mean_3h_in": 2.2,
        "weighted_mean_3h_in": 2.2,
        "min_3h_in": 1.02,
        "max_3h_in": 3.93,
        "event_count": 6,
        "threshold_category": "high_sensitivity",
        "qc_flag": "ok",
        "qc_reason": "ok",
        "used_for_surface": true,
        "threshold_in": 1.99,
        "median_in": 1.99,
        "mean_in": 2.2,
        "weighted_mean_in": 2.2,
        "min_in": 1.02,
        "max_in": 3.93,
        "name": "Local empirical flash flood threshold cell",
        "source": "local_empirical_threshold_fallback",
        "source_url": "https://raw.githubusercontent.com/mefferso/Flash-Flood-Guidance-Map/main/docs/data/threshold_grid.geojson",
        "threshold_duration_hr": 3,
        "threshold_3hr_in": 1.99,
        "note": "Not official RFC Flash Flood Guidance. Derived from local empirical threshold grid for pipeline fallback/testing.",
        "susceptibility": "local empirical threshold"
      },
      "geometry": {
        "type": "Polygon",
        "coordinates": [
          [
            [
              -91.10000000000001,
              30.35
            ],
            [
              -91.00000000000001,
              30.35
            ],
            [
              -91.00000000000001,
              30.450000000000003
            ],
            [
              -91.10000000000001,
              30.450000000000003
            ],
            [
              -91.10000000000001,
              30.35
            ]
          ]
        ]
      }
    },
    {
      "type": "Feature",
      "properties": {
        "duration": "3h",
        "threshold_3h_in": 3.69,
        "median_3h_in": 3.69,
        "mean_3h_in": 3.69,
        "weighted_mean_3h_in": 3.69,
        "min_3h_in": 3.69,
        "max_3h_in": 3.69,
        "event_count": 1,
        "threshold_category": "lower_sensitivity",
        "qc_flag": "ok",
        "qc_reason": "ok",
        "used_for_surface": true,
        "threshold_in": 3.69,
        "median_in": 3.69,
        "mean_in": 3.69,
        "weighted_mean_in": 3.69,
        "min_in": 3.69,
        "max_in": 3.69,
        "name": "Local empirical flash flood threshold cell",
        "source": "local_empirical_threshold_fallback",
        "source_url": "https://raw.githubusercontent.com/mefferso/Flash-Flood-Guidance-Map/main/docs/data/threshold_grid.geojson",
        "threshold_duration_hr": 3,
        "threshold_3hr_in": 3.69,
        "note": "Not official RFC Flash Flood Guidance. Derived from local empirical threshold grid for pipeline fallback/testing.",
        "susceptibility": "local empirical threshold"
      },
      "geometry": {
        "type": "Polygon",
        "coordinates": [
          [
            [
              -91.05,
              30.35
            ],
            [
              -90.95,
              30.35
            ],
            [
              -90.95,
              30.450000000000003
            ],
            [
              -91.05,
              30.450000000000003
            ],
            [
              -91.05,
              30.35
            ]
          ]
        ]
      }
    },
    {
      "type": "Feature",
      "properties": {
        "duration": "3h",
        "threshold_3h_in": 4.1,
        "median_3h_in": 4.1,
        "mean_3h_in": 4.1,
        "weighted_mean_3h_in": 4.1,
        "min_3h_in": 4.1,
        "max_3h_in": 4.1,
        "event_count": 1,
        "threshold_category": "least_sensitive",
        "qc_flag": "ok",
        "qc_reason": "ok",
        "used_for_surface": true,
        "threshold_in": 4.1,
        "median_in": 4.1,
        "mean_in": 4.1,
        "weighted_mean_in": 4.1,
        "min_in": 4.1,
        "max_in": 4.1,
        "name": "Local empirical flash flood threshold cell",
        "source": "local_empirical_threshold_fallback",
        "source_url": "https://raw.githubusercontent.com/mefferso/Flash-Flood-Guidance-Map/main/docs/data/threshold_grid.geojson",
        "threshold_duration_hr": 3,
        "threshold_3hr_in": 4.1,
        "note": "Not official RFC Flash Flood Guidance. Derived from local empirical threshold grid for pipeline fallback/testing.",
        "susceptibility": "local empirical threshold"
      },
      "geometry": {
        "type": "Polygon",
        "coordinates": [
          [
            [
              -90.5,
              30.35
            ],
            [
              -90.4,
              30.35
            ],
            [
              -90.4,
              30.450000000000003
            ],
            [
              -90.5,
              30.450000000000003
            ],
            [
              -90.5,
              30.35
            ]
          ]
        ]
      }
    },
    {
      "type": "Feature",
      "properties": {
        "duration": "3h",
        "threshold_3h_in": 3.07,
        "median_3h_in": 3.07,
        "mean_3h_in": 3.3,
        "weighted_mean_3h_in": 3.3,
        "min_3h_in": 2.37,
        "max_3h_in": 4.47,
        "event_count": 3,
        "threshold_category": "lower_sensitivity",
        "qc_flag": "ok",
        "qc_reason": "ok",
        "used_for_surface": true,
        "threshold_in": 3.07,
        "median_in": 3.07,
        "mean_in": 3.3,
        "weighted_mean_in": 3.3,
        "min_in": 2.37,
        "max_in": 4.47,
        "name": "Local empirical flash flood threshold cell",
        "source": "local_empirical_threshold_fallback",
        "source_url": "https://raw.githubusercontent.com/mefferso/Flash-Flood-Guidance-Map/main/docs/data/threshold_grid.geojson",
        "threshold_duration_hr": 3,
        "threshold_3hr_in": 3.07,
        "note": "Not official RFC Flash Flood Guidance. Derived from local empirical threshold grid for pipeline fallback/testing.",
        "susceptibility": "local empirical threshold"
      },
      "geometry": {
        "type": "Polygon",
        "coordinates": [
          [
            [
              -90.2,
              30.35
            ],
            [
              -90.10000000000001,
              30.35
            ],
            [
              -90.10000000000001,
              30.450000000000003
            ],
            [
              -90.2,
              30.450000000000003
            ],
            [
              -90.2,
              30.35
            ]
          ]
        ]
      }
    },
    {
      "type": "Feature",
      "properties": {
        "duration": "3h",
        "threshold_3h_in": 4.74,
        "median_3h_in": 4.74,
        "mean_3h_in": 3.91,
        "weighted_mean_3h_in": 3.91,
        "min_3h_in": 1.73,
        "max_3h_in": 5.58,
        "event_count": 5,
        "threshold_category": "least_sensitive",
        "qc_flag": "ok",
        "qc_reason": "ok",
        "used_for_surface": true,
        "threshold_in": 4.74,
        "median_in": 4.74,
        "mean_in": 3.91,
        "weighted_mean_in": 3.91,
        "min_in": 1.73,
        "max_in": 5.58,
        "name": "Local empirical flash flood threshold cell",
        "source": "local_empirical_threshold_fallback",
        "source_url": "https://raw.githubusercontent.com/mefferso/Flash-Flood-Guidance-Map/main/docs/data/threshold_grid.geojson",
        "threshold_duration_hr": 3,
        "threshold_3hr_in": 4.74,
        "note": "Not official RFC Flash Flood Guidance. Derived from local empirical threshold grid for pipeline fallback/testing.",
        "susceptibility": "local empirical threshold"
      },
      "geometry": {
        "type": "Polygon",
        "coordinates": [
          [
            [
              -90.15,
              30.35
            ],
            [
              -90.05000000000001,
              30.35
            ],
            [
              -90.05000000000001,
              30.450000000000003
            ],
            [
              -90.15,
              30.450000000000003
            ],
            [
              -90.15,
              30.35
            ]
          ]
        ]
      }
    },
    {
      "type": "Feature",
      "properties": {
        "duration": "3h",
        "threshold_3h_in": 4.71,
        "median_3h_in": 4.71,
        "mean_3h_in": 4.13,
        "weighted_mean_3h_in": 4.13,
        "min_3h_in": 1.71,
        "max_3h_in": 5.07,
        "event_count": 9,
        "threshold_category": "least_sensitive",
        "qc_flag": "ok",
        "qc_reason": "ok",
        "used_for_surface": true,
        "threshold_in": 4.71,
        "median_in": 4.71,
        "mean_in": 4.13,
        "weighted_mean_in": 4.13,
        "min_in": 1.71,
        "max_in": 5.07,
        "name": "Local empirical flash flood threshold cell",
        "source": "local_empirical_threshold_fallback",
        "source_url": "https://raw.githubusercontent.com/mefferso/Flash-Flood-Guidance-Map/main/docs/data/threshold_grid.geojson",
        "threshold_duration_hr": 3,
        "threshold_3hr_in": 4.71,
        "note": "Not official RFC Flash Flood Guidance. Derived from local empirical threshold grid for pipeline fallback/testing.",
        "susceptibility": "local empirical threshold"
      },
      "geometry": {
        "type": "Polygon",
        "coordinates": [
          [
            [
              -90.10000000000001,
              30.35
            ],
            [
              -90.00000000000001,
              30.35
            ],
            [
              -90.00000000000001,
              30.450000000000003
            ],
            [
              -90.10000000000001,
              30.450000000000003
            ],
            [
              -90.10000000000001,
              30.35
            ]
          ]
        ]
      }
    },
    {
      "type": "Feature",
      "properties": {
        "duration": "3h",
        "threshold_3h_in": 2.91,
        "median_3h_in": 2.91,
        "mean_3h_in": 2.91,
        "weighted_mean_3h_in": 2.91,
        "min_3h_in": 2.91,
        "max_3h_in": 2.91,
        "event_count": 1,
        "threshold_category": "moderate_sensitivity",
        "qc_flag": "ok",
        "qc_reason": "ok",
        "used_for_surface": true,
        "threshold_in": 2.91,
        "median_in": 2.91,
        "mean_in": 2.91,
        "weighted_mean_in": 2.91,
        "min_in": 2.91,
        "max_in": 2.91,
        "name": "Local empirical flash flood threshold cell",
        "source": "local_empirical_threshold_fallback",
        "source_url": "https://raw.githubusercontent.com/mefferso/Flash-Flood-Guidance-Map/main/docs/data/threshold_grid.geojson",
        "threshold_duration_hr": 3,
        "threshold_3hr_in": 2.91,
        "note": "Not official RFC Flash Flood Guidance. Derived from local empirical threshold grid for pipeline fallback/testing.",
        "susceptibility": "local empirical threshold"
      },
      "geometry": {
        "type": "Polygon",
        "coordinates": [
          [
            [
              -90.05,
              30.35
            ],
            [
              -89.95,
              30.35
            ],
            [
              -89.95,
              30.450000000000003
            ],
            [
              -90.05,
              30.450000000000003
            ],
            [
              -90.05,
              30.35
            ]
          ]
        ]
      }
    },
    {
      "type": "Feature",
      "properties": {
        "duration": "3h",
        "threshold_3h_in": 2.04,
        "median_3h_in": 2.04,
        "mean_3h_in": 2.04,
        "weighted_mean_3h_in": 2.04,
        "min_3h_in": 2.04,
        "max_3h_in": 2.04,
        "event_count": 1,
        "threshold_category": "moderate_sensitivity",
        "qc_flag": "ok",
        "qc_reason": "ok",
        "used_for_surface": true,
        "threshold_in": 2.04,
        "median_in": 2.04,
        "mean_in": 2.04,
        "weighted_mean_in": 2.04,
        "min_in": 2.04,
        "max_in": 2.04,
        "name": "Local empirical flash flood threshold cell",
        "source": "local_empirical_threshold_fallback",
        "source_url": "https://raw.githubusercontent.com/mefferso/Flash-Flood-Guidance-Map/main/docs/data/threshold_grid.geojson",
        "threshold_duration_hr": 3,
        "threshold_3hr_in": 2.04,
        "note": "Not official RFC Flash Flood Guidance. Derived from local empirical threshold grid for pipeline fallback/testing.",
        "susceptibility": "local empirical threshold"
      },
      "geometry": {
        "type": "Polygon",
        "coordinates": [
          [
            [
              -90.0,
              30.35
            ],
            [
              -89.9,
              30.35
            ],
            [
              -89.9,
              30.450000000000003
            ],
            [
              -90.0,
              30.450000000000003
            ],
            [
              -90.0,
              30.35
            ]
          ]
        ]
      }
    },
    {
      "type": "Feature",
      "properties": {
        "duration": "3h",
        "threshold_3h_in": 1.33,
        "median_3h_in": 1.33,
        "mean_3h_in": 1.33,
        "weighted_mean_3h_in": 1.33,
        "min_3h_in": 1.33,
        "max_3h_in": 1.33,
        "event_count": 1,
        "threshold_category": "high_sensitivity",
        "qc_flag": "ok",
        "qc_reason": "ok",
        "used_for_surface": true,
        "threshold_in": 1.33,
        "median_in": 1.33,
        "mean_in": 1.33,
        "weighted_mean_in": 1.33,
        "min_in": 1.33,
        "max_in": 1.33,
        "name": "Local empirical flash flood threshold cell",
        "source": "local_empirical_threshold_fallback",
        "source_url": "https://raw.githubusercontent.com/mefferso/Flash-Flood-Guidance-Map/main/docs/data/threshold_grid.geojson",
        "threshold_duration_hr": 3,
        "threshold_3hr_in": 1.33,
        "note": "Not official RFC Flash Flood Guidance. Derived from local empirical threshold grid for pipeline fallback/testing.",
        "susceptibility": "local empirical threshold"
      },
      "geometry": {
        "type": "Polygon",
        "coordinates": [
          [
            [
              -89.85000000000001,
              30.35
            ],
            [
              -89.75000000000001,
              30.35
            ],
            [
              -89.75000000000001,
              30.450000000000003
            ],
            [
              -89.85000000000001,
              30.450000000000003
            ],
            [
              -89.85000000000001,
              30.35
            ]
          ]
        ]
      }
    },
    {
      "type": "Feature",
      "properties": {
        "duration": "3h",
        "threshold_3h_in": 3.04,
        "median_3h_in": 3.04,
        "mean_3h_in": 3.04,
        "weighted_mean_3h_in": 3.04,
        "min_3h_in": 3.04,
        "max_3h_in": 3.04,
        "event_count": 1,
        "threshold_category": "lower_sensitivity",
        "qc_flag": "ok",
        "qc_reason": "ok",
        "used_for_surface": true,
        "threshold_in": 3.04,
        "median_in": 3.04,
        "mean_in": 3.04,
        "weighted_mean_in": 3.04,
        "min_in": 3.04,
        "max_in": 3.04,
        "name": "Local empirical flash flood threshold cell",
        "source": "local_empirical_threshold_fallback",
        "source_url": "https://raw.githubusercontent.com/mefferso/Flash-Flood-Guidance-Map/main/docs/data/threshold_grid.geojson",
        "threshold_duration_hr": 3,
        "threshold_3hr_in": 3.04,
        "note": "Not official RFC Flash Flood Guidance. Derived from local empirical threshold grid for pipeline fallback/testing.",
        "susceptibility": "local empirical threshold"
      },
      "geometry": {
        "type": "Polygon",
        "coordinates": [
          [
            [
              -89.5,
              30.35
            ],
            [
              -89.4,
              30.35
            ],
            [
              -89.4,
              30.450000000000003
            ],
            [
              -89.5,
              30.450000000000003
            ],
            [
              -89.5,
              30.35
            ]
          ]
        ]
      }
    },
    {
      "type": "Feature",
      "properties": {
        "duration": "3h",
        "threshold_3h_in": 1.04,
        "median_3h_in": 1.04,
        "mean_3h_in": 1.04,
        "weighted_mean_3h_in": 1.04,
        "min_3h_in": 1.04,
        "max_3h_in": 1.04,
        "event_count": 1,
        "threshold_category": "high_sensitivity",
        "qc_flag": "suspect_threshold",
        "qc_reason": "3h threshold below 1.20 inch",
        "used_for_surface": false,
        "threshold_in": 1.04,
        "median_in": 1.04,
        "mean_in": 1.04,
        "weighted_mean_in": 1.04,
        "min_in": 1.04,
        "max_in": 1.04,
        "name": "Local empirical flash flood threshold cell",
        "source": "local_empirical_threshold_fallback",
        "source_url": "https://raw.githubusercontent.com/mefferso/Flash-Flood-Guidance-Map/main/docs/data/threshold_grid.geojson",
        "threshold_duration_hr": 3,
        "threshold_3hr_in": 1.04,
        "note": "Not official RFC Flash Flood Guidance. Derived from local empirical threshold grid for pipeline fallback/testing.",
        "susceptibility": "local empirical threshold"
      },
      "geometry": {
        "type": "Polygon",
        "coordinates": [
          [
            [
              -89.2,
              30.35
            ],
            [
              -89.10000000000001,
              30.35
            ],
            [
              -89.10000000000001,
              30.450000000000003
            ],
            [
              -89.2,
              30.450000000000003
            ],
            [
              -89.2,
              30.35
            ]
          ]
        ]
      }
    },
    {
      "type": "Feature",
      "properties": {
        "duration": "3h",
        "threshold_3h_in": 1.74,
        "median_3h_in": 1.74,
        "mean_3h_in": 1.66,
        "weighted_mean_3h_in": 1.66,
        "min_3h_in": 0.41,
        "max_3h_in": 2.77,
        "event_count": 4,
        "threshold_category": "high_sensitivity",
        "qc_flag": "ok",
        "qc_reason": "ok",
        "used_for_surface": true,
        "threshold_in": 1.74,
        "median_in": 1.74,
        "mean_in": 1.66,
        "weighted_mean_in": 1.66,
        "min_in": 0.41,
        "max_in": 2.77,
        "name": "Local empirical flash flood threshold cell",
        "source": "local_empirical_threshold_fallback",
        "source_url": "https://raw.githubusercontent.com/mefferso/Flash-Flood-Guidance-Map/main/docs/data/threshold_grid.geojson",
        "threshold_duration_hr": 3,
        "threshold_3hr_in": 1.74,
        "note": "Not official RFC Flash Flood Guidance. Derived from local empirical threshold grid for pipeline fallback/testing.",
        "susceptibility": "local empirical threshold"
      },
      "geometry": {
        "type": "Polygon",
        "coordinates": [
          [
            [
              -89.10000000000001,
              30.35
            ],
            [
              -89.00000000000001,
              30.35
            ],
            [
              -89.00000000000001,
              30.450000000000003
            ],
            [
              -89.10000000000001,
              30.450000000000003
            ],
            [
              -89.10000000000001,
              30.35
            ]
          ]
        ]
      }
    },
    {
      "type": "Feature",
      "properties": {
        "duration": "3h",
        "threshold_3h_in": 1.76,
        "median_3h_in": 1.76,
        "mean_3h_in": 1.76,
        "weighted_mean_3h_in": 1.76,
        "min_3h_in": 1.76,
        "max_3h_in": 1.76,
        "event_count": 1,
        "threshold_category": "high_sensitivity",
        "qc_flag": "ok",
        "qc_reason": "ok",
        "used_for_surface": true,
        "threshold_in": 1.76,
        "median_in": 1.76,
        "mean_in": 1.76,
        "weighted_mean_in": 1.76,
        "min_in": 1.76,
        "max_in": 1.76,
        "name": "Local empirical flash flood threshold cell",
        "source": "local_empirical_threshold_fallback",
        "source_url": "https://raw.githubusercontent.com/mefferso/Flash-Flood-Guidance-Map/main/docs/data/threshold_grid.geojson",
        "threshold_duration_hr": 3,
        "threshold_3hr_in": 1.76,
        "note": "Not official RFC Flash Flood Guidance. Derived from local empirical threshold grid for pipeline fallback/testing.",
        "susceptibility": "local empirical threshold"
      },
      "geometry": {
        "type": "Polygon",
        "coordinates": [
          [
            [
              -89.05,
              30.35
            ],
            [
              -88.95,
              30.35
            ],
            [
              -88.95,
              30.450000000000003
            ],
            [
              -89.05,
              30.450000000000003
            ],
            [
              -89.05,
              30.35
            ]
          ]
        ]
      }
    },
    {
      "type": "Feature",
      "properties": {
        "duration": "3h",
        "threshold_3h_in": 2.38,
        "median_3h_in": 2.38,
        "mean_3h_in": 2.38,
        "weighted_mean_3h_in": 2.38,
        "min_3h_in": 1.56,
        "max_3h_in": 3.2,
        "event_count": 2,
        "threshold_category": "moderate_sensitivity",
        "qc_flag": "ok",
        "qc_reason": "ok",
        "used_for_surface": true,
        "threshold_in": 2.38,
        "median_in": 2.38,
        "mean_in": 2.38,
        "weighted_mean_in": 2.38,
        "min_in": 1.56,
        "max_in": 3.2,
        "name": "Local empirical flash flood threshold cell",
        "source": "local_empirical_threshold_fallback",
        "source_url": "https://raw.githubusercontent.com/mefferso/Flash-Flood-Guidance-Map/main/docs/data/threshold_grid.geojson",
        "threshold_duration_hr": 3,
        "threshold_3hr_in": 2.38,
        "note": "Not official RFC Flash Flood Guidance. Derived from local empirical threshold grid for pipeline fallback/testing.",
        "susceptibility": "local empirical threshold"
      },
      "geometry": {
        "type": "Polygon",
        "coordinates": [
          [
            [
              -89.0,
              30.35
            ],
            [
              -88.9,
              30.35
            ],
            [
              -88.9,
              30.450000000000003
            ],
            [
              -89.0,
              30.450000000000003
            ],
            [
              -89.0,
              30.35
            ]
          ]
        ]
      }
    },
    {
      "type": "Feature",
      "properties": {
        "duration": "3h",
        "threshold_3h_in": 1.59,
        "median_3h_in": 1.59,
        "mean_3h_in": 1.63,
        "weighted_mean_3h_in": 1.63,
        "min_3h_in": 1.48,
        "max_3h_in": 1.81,
        "event_count": 3,
        "threshold_category": "high_sensitivity",
        "qc_flag": "ok",
        "qc_reason": "ok",
        "used_for_surface": true,
        "threshold_in": 1.59,
        "median_in": 1.59,
        "mean_in": 1.63,
        "weighted_mean_in": 1.63,
        "min_in": 1.48,
        "max_in": 1.81,
        "name": "Local empirical flash flood threshold cell",
        "source": "local_empirical_threshold_fallback",
        "source_url": "https://raw.githubusercontent.com/mefferso/Flash-Flood-Guidance-Map/main/docs/data/threshold_grid.geojson",
        "threshold_duration_hr": 3,
        "threshold_3hr_in": 1.59,
        "note": "Not official RFC Flash Flood Guidance. Derived from local empirical threshold grid for pipeline fallback/testing.",
        "susceptibility": "local empirical threshold"
      },
      "geometry": {
        "type": "Polygon",
        "coordinates": [
          [
            [
              -88.95,
              30.35
            ],
            [
              -88.85000000000001,
              30.35
            ],
            [
              -88.85000000000001,
              30.450000000000003
            ],
            [
              -88.95,
              30.450000000000003
            ],
            [
              -88.95,
              30.35
            ]
          ]
        ]
      }
    },
    {
      "type": "Feature",
      "properties": {
        "duration": "3h",
        "threshold_3h_in": 3.06,
        "median_3h_in": 3.06,
        "mean_3h_in": 3.06,
        "weighted_mean_3h_in": 3.06,
        "min_3h_in": 3.06,
        "max_3h_in": 3.06,
        "event_count": 1,
        "threshold_category": "lower_sensitivity",
        "qc_flag": "ok",
        "qc_reason": "ok",
        "used_for_surface": true,
        "threshold_in": 3.06,
        "median_in": 3.06,
        "mean_in": 3.06,
        "weighted_mean_in": 3.06,
        "min_in": 3.06,
        "max_in": 3.06,
        "name": "Local empirical flash flood threshold cell",
        "source": "local_empirical_threshold_fallback",
        "source_url": "https://raw.githubusercontent.com/mefferso/Flash-Flood-Guidance-Map/main/docs/data/threshold_grid.geojson",
        "threshold_duration_hr": 3,
        "threshold_3hr_in": 3.06,
        "note": "Not official RFC Flash Flood Guidance. Derived from local empirical threshold grid for pipeline fallback/testing.",
        "susceptibility": "local empirical threshold"
      },
      "geometry": {
        "type": "Polygon",
        "coordinates": [
          [
            [
              -88.75,
              30.35
            ],
            [
              -88.65,
              30.35
            ],
            [
              -88.65,
              30.450000000000003
            ],
            [
              -88.75,
              30.450000000000003
            ],
            [
              -88.75,
              30.35
            ]
          ]
        ]
      }
    },
    {
      "type": "Feature",
      "properties": {
        "duration": "3h",
        "threshold_3h_in": 3.7,
        "median_3h_in": 3.7,
        "mean_3h_in": 3.7,
        "weighted_mean_3h_in": 3.7,
        "min_3h_in": 3.7,
        "max_3h_in": 3.7,
        "event_count": 1,
        "threshold_category": "lower_sensitivity",
        "qc_flag": "ok",
        "qc_reason": "ok",
        "used_for_surface": true,
        "threshold_in": 3.7,
        "median_in": 3.7,
        "mean_in": 3.7,
        "weighted_mean_in": 3.7,
        "min_in": 3.7,
        "max_in": 3.7,
        "name": "Local empirical flash flood threshold cell",
        "source": "local_empirical_threshold_fallback",
        "source_url": "https://raw.githubusercontent.com/mefferso/Flash-Flood-Guidance-Map/main/docs/data/threshold_grid.geojson",
        "threshold_duration_hr": 3,
        "threshold_3hr_in": 3.7,
        "note": "Not official RFC Flash Flood Guidance. Derived from local empirical threshold grid for pipeline fallback/testing.",
        "susceptibility": "local empirical threshold"
      },
      "geometry": {
        "type": "Polygon",
        "coordinates": [
          [
            [
              -88.7,
              30.35
            ],
            [
              -88.60000000000001,
              30.35
            ],
            [
              -88.60000000000001,
              30.450000000000003
            ],
            [
              -88.7,
              30.450000000000003
            ],
            [
              -88.7,
              30.35
            ]
          ]
        ]
      }
    },
    {
      "type": "Feature",
      "properties": {
        "duration": "3h",
        "threshold_3h_in": 2.89,
        "median_3h_in": 2.89,
        "mean_3h_in": 2.89,
        "weighted_mean_3h_in": 2.89,
        "min_3h_in": 2.89,
        "max_3h_in": 2.89,
        "event_count": 1,
        "threshold_category": "moderate_sensitivity",
        "qc_flag": "ok",
        "qc_reason": "ok",
        "used_for_surface": true,
        "threshold_in": 2.89,
        "median_in": 2.89,
        "mean_in": 2.89,
        "weighted_mean_in": 2.89,
        "min_in": 2.89,
        "max_in": 2.89,
        "name": "Local empirical flash flood threshold cell",
        "source": "local_empirical_threshold_fallback",
        "source_url": "https://raw.githubusercontent.com/mefferso/Flash-Flood-Guidance-Map/main/docs/data/threshold_grid.geojson",
        "threshold_duration_hr": 3,
        "threshold_3hr_in": 2.89,
        "note": "Not official RFC Flash Flood Guidance. Derived from local empirical threshold grid for pipeline fallback/testing.",
        "susceptibility": "local empirical threshold"
      },
      "geometry": {
        "type": "Polygon",
        "coordinates": [
          [
            [
              -88.65,
              30.35
            ],
            [
              -88.55000000000001,
              30.35
            ],
            [
              -88.55000000000001,
              30.450000000000003
            ],
            [
              -88.65,
              30.450000000000003
            ],
            [
              -88.65,
              30.35
            ]
          ]
        ]
      }
    },
    {
      "type": "Feature",
      "properties": {
        "duration": "3h",
        "threshold_3h_in": 2.58,
        "median_3h_in": 2.58,
        "mean_3h_in": 2.58,
        "weighted_mean_3h_in": 2.58,
        "min_3h_in": 2.58,
        "max_3h_in": 2.58,
        "event_count": 1,
        "threshold_category": "moderate_sensitivity",
        "qc_flag": "ok",
        "qc_reason": "ok",
        "used_for_surface": true,
        "threshold_in": 2.58,
        "median_in": 2.58,
        "mean_in": 2.58,
        "weighted_mean_in": 2.58,
        "min_in": 2.58,
        "max_in": 2.58,
        "name": "Local empirical flash flood threshold cell",
        "source": "local_empirical_threshold_fallback",
        "source_url": "https://raw.githubusercontent.com/mefferso/Flash-Flood-Guidance-Map/main/docs/data/threshold_grid.geojson",
        "threshold_duration_hr": 3,
        "threshold_3hr_in": 2.58,
        "note": "Not official RFC Flash Flood Guidance. Derived from local empirical threshold grid for pipeline fallback/testing.",
        "susceptibility": "local empirical threshold"
      },
      "geometry": {
        "type": "Polygon",
        "coordinates": [
          [
            [
              -88.60000000000001,
              30.35
            ],
            [
              -88.50000000000001,
              30.35
            ],
            [
              -88.50000000000001,
              30.450000000000003
            ],
            [
              -88.60000000000001,
              30.450000000000003
            ],
            [
              -88.60000000000001,
              30.35
            ]
          ]
        ]
      }
    },
    {
      "type": "Feature",
      "properties": {
        "duration": "3h",
        "threshold_3h_in": 1.85,
        "median_3h_in": 1.85,
        "mean_3h_in": 1.85,
        "weighted_mean_3h_in": 1.85,
        "min_3h_in": 1.85,
        "max_3h_in": 1.85,
        "event_count": 1,
        "threshold_category": "high_sensitivity",
        "qc_flag": "ok",
        "qc_reason": "ok",
        "used_for_surface": true,
        "threshold_in": 1.85,
        "median_in": 1.85,
        "mean_in": 1.85,
        "weighted_mean_in": 1.85,
        "min_in": 1.85,
        "max_in": 1.85,
        "name": "Local empirical flash flood threshold cell",
        "source": "local_empirical_threshold_fallback",
        "source_url": "https://raw.githubusercontent.com/mefferso/Flash-Flood-Guidance-Map/main/docs/data/threshold_grid.geojson",
        "threshold_duration_hr": 3,
        "threshold_3hr_in": 1.85,
        "note": "Not official RFC Flash Flood Guidance. Derived from local empirical threshold grid for pipeline fallback/testing.",
        "susceptibility": "local empirical threshold"
      },
      "geometry": {
        "type": "Polygon",
        "coordinates": [
          [
            [
              -88.55,
              30.35
            ],
            [
              -88.45,
              30.35
            ],
            [
              -88.45,
              30.450000000000003
            ],
            [
              -88.55,
              30.450000000000003
            ],
            [
              -88.55,
              30.35
            ]
          ]
        ]
      }
    },
    {
      "type": "Feature",
      "properties": {
        "duration": "3h",
        "threshold_3h_in": 3.54,
        "median_3h_in": 3.54,
        "mean_3h_in": 3.54,
        "weighted_mean_3h_in": 3.54,
        "min_3h_in": 3.54,
        "max_3h_in": 3.54,
        "event_count": 1,
        "threshold_category": "lower_sensitivity",
        "qc_flag": "ok",
        "qc_reason": "ok",
        "used_for_surface": true,
        "threshold_in": 3.54,
        "median_in": 3.54,
        "mean_in": 3.54,
        "weighted_mean_in": 3.54,
        "min_in": 3.54,
        "max_in": 3.54,
        "name": "Local empirical flash flood threshold cell",
        "source": "local_empirical_threshold_fallback",
        "source_url": "https://raw.githubusercontent.com/mefferso/Flash-Flood-Guidance-Map/main/docs/data/threshold_grid.geojson",
        "threshold_duration_hr": 3,
        "threshold_3hr_in": 3.54,
        "note": "Not official RFC Flash Flood Guidance. Derived from local empirical threshold grid for pipeline fallback/testing.",
        "susceptibility": "local empirical threshold"
      },
      "geometry": {
        "type": "Polygon",
        "coordinates": [
          [
            [
              -88.5,
              30.35
            ],
            [
              -88.4,
              30.35
            ],
            [
              -88.4,
              30.450000000000003
            ],
            [
              -88.5,
              30.450000000000003
            ],
            [
              -88.5,
              30.35
            ]
          ]
        ]
      }
    },
    {
      "type": "Feature",
      "properties": {
        "duration": "3h",
        "threshold_3h_in": 2.11,
        "median_3h_in": 2.11,
        "mean_3h_in": 2.11,
        "weighted_mean_3h_in": 2.11,
        "min_3h_in": 2.11,
        "max_3h_in": 2.11,
        "event_count": 1,
        "threshold_category": "moderate_sensitivity",
        "qc_flag": "ok",
        "qc_reason": "ok",
        "used_for_surface": true,
        "threshold_in": 2.11,
        "median_in": 2.11,
        "mean_in": 2.11,
        "weighted_mean_in": 2.11,
        "min_in": 2.11,
        "max_in": 2.11,
        "name": "Local empirical flash flood threshold cell",
        "source": "local_empirical_threshold_fallback",
        "source_url": "https://raw.githubusercontent.com/mefferso/Flash-Flood-Guidance-Map/main/docs/data/threshold_grid.geojson",
        "threshold_duration_hr": 3,
        "threshold_3hr_in": 2.11,
        "note": "Not official RFC Flash Flood Guidance. Derived from local empirical threshold grid for pipeline fallback/testing.",
        "susceptibility": "local empirical threshold"
      },
      "geometry": {
        "type": "Polygon",
        "coordinates": [
          [
            [
              -91.3,
              30.400000000000002
            ],
            [
              -91.2,
              30.400000000000002
            ],
            [
              -91.2,
              30.500000000000004
            ],
            [
              -91.3,
              30.500000000000004
            ],
            [
              -91.3,
              30.400000000000002
            ]
          ]
        ]
      }
    },
    {
      "type": "Feature",
      "properties": {
        "duration": "3h",
        "threshold_3h_in": 2.24,
        "median_3h_in": 2.24,
        "mean_3h_in": 1.42,
        "weighted_mean_3h_in": 1.42,
        "min_3h_in": 0.07,
        "max_3h_in": 2.38,
        "event_count": 5,
        "threshold_category": "moderate_sensitivity",
        "qc_flag": "ok",
        "qc_reason": "ok",
        "used_for_surface": true,
        "threshold_in": 2.24,
        "median_in": 2.24,
        "mean_in": 1.42,
        "weighted_mean_in": 1.42,
        "min_in": 0.07,
        "max_in": 2.38,
        "name": "Local empirical flash flood threshold cell",
        "source": "local_empirical_threshold_fallback",
        "source_url": "https://raw.githubusercontent.com/mefferso/Flash-Flood-Guidance-Map/main/docs/data/threshold_grid.geojson",
        "threshold_duration_hr": 3,
        "threshold_3hr_in": 2.24,
        "note": "Not official RFC Flash Flood Guidance. Derived from local empirical threshold grid for pipeline fallback/testing.",
        "susceptibility": "local empirical threshold"
      },
      "geometry": {
        "type": "Polygon",
        "coordinates": [
          [
            [
              -91.25,
              30.400000000000002
            ],
            [
              -91.15,
              30.400000000000002
            ],
            [
              -91.15,
              30.500000000000004
            ],
            [
              -91.25,
              30.500000000000004
            ],
            [
              -91.25,
              30.400000000000002
            ]
          ]
        ]
      }
    },
    {
      "type": "Feature",
      "properties": {
        "duration": "3h",
        "threshold_3h_in": 1.12,
        "median_3h_in": 1.12,
        "mean_3h_in": 1.06,
        "weighted_mean_3h_in": 1.06,
        "min_3h_in": 0.46,
        "max_3h_in": 1.76,
        "event_count": 6,
        "threshold_category": "high_sensitivity",
        "qc_flag": "suspect_threshold",
        "qc_reason": "3h threshold below 1.20 inch",
        "used_for_surface": false,
        "threshold_in": 1.12,
        "median_in": 1.12,
        "mean_in": 1.06,
        "weighted_mean_in": 1.06,
        "min_in": 0.46,
        "max_in": 1.76,
        "name": "Local empirical flash flood threshold cell",
        "source": "local_empirical_threshold_fallback",
        "source_url": "https://raw.githubusercontent.com/mefferso/Flash-Flood-Guidance-Map/main/docs/data/threshold_grid.geojson",
        "threshold_duration_hr": 3,
        "threshold_3hr_in": 1.12,
        "note": "Not official RFC Flash Flood Guidance. Derived from local empirical threshold grid for pipeline fallback/testing.",
        "susceptibility": "local empirical threshold"
      },
      "geometry": {
        "type": "Polygon",
        "coordinates": [
          [
            [
              -91.2,
              30.400000000000002
            ],
            [
              -91.10000000000001,
              30.400000000000002
            ],
            [
              -91.10000000000001,
              30.500000000000004
            ],
            [
              -91.2,
              30.500000000000004
            ],
            [
              -91.2,
              30.400000000000002
            ]
          ]
        ]
      }
    },
    {
      "type": "Feature",
      "properties": {
        "duration": "3h",
        "threshold_3h_in": 1.09,
        "median_3h_in": 1.09,
        "mean_3h_in": 1.09,
        "weighted_mean_3h_in": 1.09,
        "min_3h_in": 0.8,
        "max_3h_in": 1.38,
        "event_count": 2,
        "threshold_category": "high_sensitivity",
        "qc_flag": "suspect_threshold",
        "qc_reason": "3h threshold below 1.20 inch",
        "used_for_surface": false,
        "threshold_in": 1.09,
        "median_in": 1.09,
        "mean_in": 1.09,
        "weighted_mean_in": 1.09,
        "min_in": 0.8,
        "max_in": 1.38,
        "name": "Local empirical flash flood threshold cell",
        "source": "local_empirical_threshold_fallback",
        "source_url": "https://raw.githubusercontent.com/mefferso/Flash-Flood-Guidance-Map/main/docs/data/threshold_grid.geojson",
        "threshold_duration_hr": 3,
        "threshold_3hr_in": 1.09,
        "note": "Not official RFC Flash Flood Guidance. Derived from local empirical threshold grid for pipeline fallback/testing.",
        "susceptibility": "local empirical threshold"
      },
      "geometry": {
        "type": "Polygon",
        "coordinates": [
          [
            [
              -91.15,
              30.400000000000002
            ],
            [
              -91.05000000000001,
              30.400000000000002
            ],
            [
              -91.05000000000001,
              30.500000000000004
            ],
            [
              -91.15,
              30.500000000000004
            ],
            [
              -91.15,
              30.400000000000002
            ]
          ]
        ]
      }
    },
    {
      "type": "Feature",
      "properties": {
        "duration": "3h",
        "threshold_3h_in": 1.75,
        "median_3h_in": 1.75,
        "mean_3h_in": 1.75,
        "weighted_mean_3h_in": 1.75,
        "min_3h_in": 0.63,
        "max_3h_in": 2.88,
        "event_count": 2,
        "threshold_category": "high_sensitivity",
        "qc_flag": "ok",
        "qc_reason": "ok",
        "used_for_surface": true,
        "threshold_in": 1.75,
        "median_in": 1.75,
        "mean_in": 1.75,
        "weighted_mean_in": 1.75,
        "min_in": 0.63,
        "max_in": 2.88,
        "name": "Local empirical flash flood threshold cell",
        "source": "local_empirical_threshold_fallback",
        "source_url": "https://raw.githubusercontent.com/mefferso/Flash-Flood-Guidance-Map/main/docs/data/threshold_grid.geojson",
        "threshold_duration_hr": 3,
        "threshold_3hr_in": 1.75,
        "note": "Not official RFC Flash Flood Guidance. Derived from local empirical threshold grid for pipeline fallback/testing.",
        "susceptibility": "local empirical threshold"
      },
      "geometry": {
        "type": "Polygon",
        "coordinates": [
          [
            [
              -91.10000000000001,
              30.400000000000002
            ],
            [
              -91.00000000000001,
              30.400000000000002
            ],
            [
              -91.00000000000001,
              30.500000000000004
            ],
            [
              -91.10000000000001,
              30.500000000000004
            ],
            [
              -91.10000000000001,
              30.400000000000002
            ]
          ]
        ]
      }
    },
    {
      "type": "Feature",
      "properties": {
        "duration": "3h",
        "threshold_3h_in": 1.78,
        "median_3h_in": 1.78,
        "mean_3h_in": 1.78,
        "weighted_mean_3h_in": 1.78,
        "min_3h_in": 1.56,
        "max_3h_in": 2.01,
        "event_count": 2,
        "threshold_category": "high_sensitivity",
        "qc_flag": "ok",
        "qc_reason": "ok",
        "used_for_surface": true,
        "threshold_in": 1.78,
        "median_in": 1.78,
        "mean_in": 1.78,
        "weighted_mean_in": 1.78,
        "min_in": 1.56,
        "max_in": 2.01,
        "name": "Local empirical flash flood threshold cell",
        "source": "local_empirical_threshold_fallback",
        "source_url": "https://raw.githubusercontent.com/mefferso/Flash-Flood-Guidance-Map/main/docs/data/threshold_grid.geojson",
        "threshold_duration_hr": 3,
        "threshold_3hr_in": 1.78,
        "note": "Not official RFC Flash Flood Guidance. Derived from local empirical threshold grid for pipeline fallback/testing.",
        "susceptibility": "local empirical threshold"
      },
      "geometry": {
        "type": "Polygon",
        "coordinates": [
          [
            [
              -91.05,
              30.400000000000002
            ],
            [
              -90.95,
              30.400000000000002
            ],
            [
              -90.95,
              30.500000000000004
            ],
            [
              -91.05,
              30.500000000000004
            ],
            [
              -91.05,
              30.400000000000002
            ]
          ]
        ]
      }
    },
    {
      "type": "Feature",
      "properties": {
        "duration": "3h",
        "threshold_3h_in": 2.09,
        "median_3h_in": 2.09,
        "mean_3h_in": 2.09,
        "weighted_mean_3h_in": 2.09,
        "min_3h_in": 2.02,
        "max_3h_in": 2.16,
        "event_count": 2,
        "threshold_category": "moderate_sensitivity",
        "qc_flag": "ok",
        "qc_reason": "ok",
        "used_for_surface": true,
        "threshold_in": 2.09,
        "median_in": 2.09,
        "mean_in": 2.09,
        "weighted_mean_in": 2.09,
        "min_in": 2.02,
        "max_in": 2.16,
        "name": "Local empirical flash flood threshold cell",
        "source": "local_empirical_threshold_fallback",
        "source_url": "https://raw.githubusercontent.com/mefferso/Flash-Flood-Guidance-Map/main/docs/data/threshold_grid.geojson",
        "threshold_duration_hr": 3,
        "threshold_3hr_in": 2.09,
        "note": "Not official RFC Flash Flood Guidance. Derived from local empirical threshold grid for pipeline fallback/testing.",
        "susceptibility": "local empirical threshold"
      },
      "geometry": {
        "type": "Polygon",
        "coordinates": [
          [
            [
              -91.0,
              30.400000000000002
            ],
            [
              -90.9,
              30.400000000000002
            ],
            [
              -90.9,
              30.500000000000004
            ],
            [
              -91.0,
              30.500000000000004
            ],
            [
              -91.0,
              30.400000000000002
            ]
          ]
        ]
      }
    },
    {
      "type": "Feature",
      "properties": {
        "duration": "3h",
        "threshold_3h_in": 2.96,
        "median_3h_in": 2.96,
        "mean_3h_in": 2.96,
        "weighted_mean_3h_in": 2.96,
        "min_3h_in": 2.76,
        "max_3h_in": 3.17,
        "event_count": 2,
        "threshold_category": "moderate_sensitivity",
        "qc_flag": "ok",
        "qc_reason": "ok",
        "used_for_surface": true,
        "threshold_in": 2.96,
        "median_in": 2.96,
        "mean_in": 2.96,
        "weighted_mean_in": 2.96,
        "min_in": 2.76,
        "max_in": 3.17,
        "name": "Local empirical flash flood threshold cell",
        "source": "local_empirical_threshold_fallback",
        "source_url": "https://raw.githubusercontent.com/mefferso/Flash-Flood-Guidance-Map/main/docs/data/threshold_grid.geojson",
        "threshold_duration_hr": 3,
        "threshold_3hr_in": 2.96,
        "note": "Not official RFC Flash Flood Guidance. Derived from local empirical threshold grid for pipeline fallback/testing.",
        "susceptibility": "local empirical threshold"
      },
      "geometry": {
        "type": "Polygon",
        "coordinates": [
          [
            [
              -90.95,
              30.400000000000002
            ],
            [
              -90.85000000000001,
              30.400000000000002
            ],
            [
              -90.85000000000001,
              30.500000000000004
            ],
            [
              -90.95,
              30.500000000000004
            ],
            [
              -90.95,
              30.400000000000002
            ]
          ]
        ]
      }
    },
    {
      "type": "Feature",
      "properties": {
        "duration": "3h",
        "threshold_3h_in": 2.07,
        "median_3h_in": 2.07,
        "mean_3h_in": 2.07,
        "weighted_mean_3h_in": 2.07,
        "min_3h_in": 2.07,
        "max_3h_in": 2.07,
        "event_count": 1,
        "threshold_category": "moderate_sensitivity",
        "qc_flag": "ok",
        "qc_reason": "ok",
        "used_for_surface": true,
        "threshold_in": 2.07,
        "median_in": 2.07,
        "mean_in": 2.07,
        "weighted_mean_in": 2.07,
        "min_in": 2.07,
        "max_in": 2.07,
        "name": "Local empirical flash flood threshold cell",
        "source": "local_empirical_threshold_fallback",
        "source_url": "https://raw.githubusercontent.com/mefferso/Flash-Flood-Guidance-Map/main/docs/data/threshold_grid.geojson",
        "threshold_duration_hr": 3,
        "threshold_3hr_in": 2.07,
        "note": "Not official RFC Flash Flood Guidance. Derived from local empirical threshold grid for pipeline fallback/testing.",
        "susceptibility": "local empirical threshold"
      },
      "geometry": {
        "type": "Polygon",
        "coordinates": [
          [
            [
              -90.85000000000001,
              30.400000000000002
            ],
            [
              -90.75000000000001,
              30.400000000000002
            ],
            [
              -90.75000000000001,
              30.500000000000004
            ],
            [
              -90.85000000000001,
              30.500000000000004
            ],
            [
              -90.85000000000001,
              30.400000000000002
            ]
          ]
        ]
      }
    },
    {
      "type": "Feature",
      "properties": {
        "duration": "3h",
        "threshold_3h_in": 3.76,
        "median_3h_in": 3.76,
        "mean_3h_in": 3.76,
        "weighted_mean_3h_in": 3.76,
        "min_3h_in": 3.76,
        "max_3h_in": 3.76,
        "event_count": 1,
        "threshold_category": "lower_sensitivity",
        "qc_flag": "ok",
        "qc_reason": "ok",
        "used_for_surface": true,
        "threshold_in": 3.76,
        "median_in": 3.76,
        "mean_in": 3.76,
        "weighted_mean_in": 3.76,
        "min_in": 3.76,
        "max_in": 3.76,
        "name": "Local empirical flash flood threshold cell",
        "source": "local_empirical_threshold_fallback",
        "source_url": "https://raw.githubusercontent.com/mefferso/Flash-Flood-Guidance-Map/main/docs/data/threshold_grid.geojson",
        "threshold_duration_hr": 3,
        "threshold_3hr_in": 3.76,
        "note": "Not official RFC Flash Flood Guidance. Derived from local empirical threshold grid for pipeline fallback/testing.",
        "susceptibility": "local empirical threshold"
      },
      "geometry": {
        "type": "Polygon",
        "coordinates": [
          [
            [
              -90.65,
              30.400000000000002
            ],
            [
              -90.55000000000001,
              30.400000000000002
            ],
            [
              -90.55000000000001,
              30.500000000000004
            ],
            [
              -90.65,
              30.500000000000004
            ],
            [
              -90.65,
              30.400000000000002
            ]
          ]
        ]
      }
    },
    {
      "type": "Feature",
      "properties": {
        "duration": "3h",
        "threshold_3h_in": 2.72,
        "median_3h_in": 2.72,
        "mean_3h_in": 2.72,
        "weighted_mean_3h_in": 2.72,
        "min_3h_in": 2.72,
        "max_3h_in": 2.72,
        "event_count": 1,
        "threshold_category": "moderate_sensitivity",
        "qc_flag": "ok",
        "qc_reason": "ok",
        "used_for_surface": true,
        "threshold_in": 2.72,
        "median_in": 2.72,
        "mean_in": 2.72,
        "weighted_mean_in": 2.72,
        "min_in": 2.72,
        "max_in": 2.72,
        "name": "Local empirical flash flood threshold cell",
        "source": "local_empirical_threshold_fallback",
        "source_url": "https://raw.githubusercontent.com/mefferso/Flash-Flood-Guidance-Map/main/docs/data/threshold_grid.geojson",
        "threshold_duration_hr": 3,
        "threshold_3hr_in": 2.72,
        "note": "Not official RFC Flash Flood Guidance. Derived from local empirical threshold grid for pipeline fallback/testing.",
        "susceptibility": "local empirical threshold"
      },
      "geometry": {
        "type": "Polygon",
        "coordinates": [
          [
            [
              -90.5,
              30.400000000000002
            ],
            [
              -90.4,
              30.400000000000002
            ],
            [
              -90.4,
              30.500000000000004
            ],
            [
              -90.5,
              30.500000000000004
            ],
            [
              -90.5,
              30.400000000000002
            ]
          ]
        ]
      }
    },
    {
      "type": "Feature",
      "properties": {
        "duration": "3h",
        "threshold_3h_in": 2.16,
        "median_3h_in": 2.16,
        "mean_3h_in": 2.16,
        "weighted_mean_3h_in": 2.16,
        "min_3h_in": 2.09,
        "max_3h_in": 2.24,
        "event_count": 2,
        "threshold_category": "moderate_sensitivity",
        "qc_flag": "ok",
        "qc_reason": "ok",
        "used_for_surface": true,
        "threshold_in": 2.16,
        "median_in": 2.16,
        "mean_in": 2.16,
        "weighted_mean_in": 2.16,
        "min_in": 2.09,
        "max_in": 2.24,
        "name": "Local empirical flash flood threshold cell",
        "source": "local_empirical_threshold_fallback",
        "source_url": "https://raw.githubusercontent.com/mefferso/Flash-Flood-Guidance-Map/main/docs/data/threshold_grid.geojson",
        "threshold_duration_hr": 3,
        "threshold_3hr_in": 2.16,
        "note": "Not official RFC Flash Flood Guidance. Derived from local empirical threshold grid for pipeline fallback/testing.",
        "susceptibility": "local empirical threshold"
      },
      "geometry": {
        "type": "Polygon",
        "coordinates": [
          [
            [
              -90.45,
              30.400000000000002
            ],
            [
              -90.35000000000001,
              30.400000000000002
            ],
            [
              -90.35000000000001,
              30.500000000000004
            ],
            [
              -90.45,
              30.500000000000004
            ],
            [
              -90.45,
              30.400000000000002
            ]
          ]
        ]
      }
    },
    {
      "type": "Feature",
      "properties": {
        "duration": "3h",
        "threshold_3h_in": 4.59,
        "median_3h_in": 4.59,
        "mean_3h_in": 4.59,
        "weighted_mean_3h_in": 4.59,
        "min_3h_in": 4.59,
        "max_3h_in": 4.59,
        "event_count": 1,
        "threshold_category": "least_sensitive",
        "qc_flag": "ok",
        "qc_reason": "ok",
        "used_for_surface": true,
        "threshold_in": 4.59,
        "median_in": 4.59,
        "mean_in": 4.59,
        "weighted_mean_in": 4.59,
        "min_in": 4.59,
        "max_in": 4.59,
        "name": "Local empirical flash flood threshold cell",
        "source": "local_empirical_threshold_fallback",
        "source_url": "https://raw.githubusercontent.com/mefferso/Flash-Flood-Guidance-Map/main/docs/data/threshold_grid.geojson",
        "threshold_duration_hr": 3,
        "threshold_3hr_in": 4.59,
        "note": "Not official RFC Flash Flood Guidance. Derived from local empirical threshold grid for pipeline fallback/testing.",
        "susceptibility": "local empirical threshold"
      },
      "geometry": {
        "type": "Polygon",
        "coordinates": [
          [
            [
              -90.35000000000001,
              30.400000000000002
            ],
            [
              -90.25000000000001,
              30.400000000000002
            ],
            [
              -90.25000000000001,
              30.500000000000004
            ],
            [
              -90.35000000000001,
              30.500000000000004
            ],
            [
              -90.35000000000001,
              30.400000000000002
            ]
          ]
        ]
      }
    },
    {
      "type": "Feature",
      "properties": {
        "duration": "3h",
        "threshold_3h_in": 4.85,
        "median_3h_in": 4.85,
        "mean_3h_in": 4.85,
        "weighted_mean_3h_in": 4.85,
        "min_3h_in": 4.85,
        "max_3h_in": 4.85,
        "event_count": 1,
        "threshold_category": "least_sensitive",
        "qc_flag": "ok",
        "qc_reason": "ok",
        "used_for_surface": true,
        "threshold_in": 4.85,
        "median_in": 4.85,
        "mean_in": 4.85,
        "weighted_mean_in": 4.85,
        "min_in": 4.85,
        "max_in": 4.85,
        "name": "Local empirical flash flood threshold cell",
        "source": "local_empirical_threshold_fallback",
        "source_url": "https://raw.githubusercontent.com/mefferso/Flash-Flood-Guidance-Map/main/docs/data/threshold_grid.geojson",
        "threshold_duration_hr": 3,
        "threshold_3hr_in": 4.85,
        "note": "Not official RFC Flash Flood Guidance. Derived from local empirical threshold grid for pipeline fallback/testing.",
        "susceptibility": "local empirical threshold"
      },
      "geometry": {
        "type": "Polygon",
        "coordinates": [
          [
            [
              -90.3,
              30.400000000000002
            ],
            [
              -90.2,
              30.400000000000002
            ],
            [
              -90.2,
              30.500000000000004
            ],
            [
              -90.3,
              30.500000000000004
            ],
            [
              -90.3,
              30.400000000000002
            ]
          ]
        ]
      }
    },
    {
      "type": "Feature",
      "properties": {
        "duration": "3h",
        "threshold_3h_in": 1.8,
        "median_3h_in": 1.8,
        "mean_3h_in": 2.13,
        "weighted_mean_3h_in": 2.13,
        "min_3h_in": 0.11,
        "max_3h_in": 4.48,
        "event_count": 3,
        "threshold_category": "high_sensitivity",
        "qc_flag": "ok",
        "qc_reason": "ok",
        "used_for_surface": true,
        "threshold_in": 1.8,
        "median_in": 1.8,
        "mean_in": 2.13,
        "weighted_mean_in": 2.13,
        "min_in": 0.11,
        "max_in": 4.48,
        "name": "Local empirical flash flood threshold cell",
        "source": "local_empirical_threshold_fallback",
        "source_url": "https://raw.githubusercontent.com/mefferso/Flash-Flood-Guidance-Map/main/docs/data/threshold_grid.geojson",
        "threshold_duration_hr": 3,
        "threshold_3hr_in": 1.8,
        "note": "Not official RFC Flash Flood Guidance. Derived from local empirical threshold grid for pipeline fallback/testing.",
        "susceptibility": "local empirical threshold"
      },
      "geometry": {
        "type": "Polygon",
        "coordinates": [
          [
            [
              -90.15,
              30.400000000000002
            ],
            [
              -90.05000000000001,
              30.400000000000002
            ],
            [
              -90.05000000000001,
              30.500000000000004
            ],
            [
              -90.15,
              30.500000000000004
            ],
            [
              -90.15,
              30.400000000000002
            ]
          ]
        ]
      }
    },
    {
      "type": "Feature",
      "properties": {
        "duration": "3h",
        "threshold_3h_in": 2.93,
        "median_3h_in": 2.93,
        "mean_3h_in": 2.93,
        "weighted_mean_3h_in": 2.93,
        "min_3h_in": 2.93,
        "max_3h_in": 2.93,
        "event_count": 1,
        "threshold_category": "moderate_sensitivity",
        "qc_flag": "ok",
        "qc_reason": "ok",
        "used_for_surface": true,
        "threshold_in": 2.93,
        "median_in": 2.93,
        "mean_in": 2.93,
        "weighted_mean_in": 2.93,
        "min_in": 2.93,
        "max_in": 2.93,
        "name": "Local empirical flash flood threshold cell",
        "source": "local_empirical_threshold_fallback",
        "source_url": "https://raw.githubusercontent.com/mefferso/Flash-Flood-Guidance-Map/main/docs/data/threshold_grid.geojson",
        "threshold_duration_hr": 3,
        "threshold_3hr_in": 2.93,
        "note": "Not official RFC Flash Flood Guidance. Derived from local empirical threshold grid for pipeline fallback/testing.",
        "susceptibility": "local empirical threshold"
      },
      "geometry": {
        "type": "Polygon",
        "coordinates": [
          [
            [
              -89.2,
              30.400000000000002
            ],
            [
              -89.10000000000001,
              30.400000000000002
            ],
            [
              -89.10000000000001,
              30.500000000000004
            ],
            [
              -89.2,
              30.500000000000004
            ],
            [
              -89.2,
              30.400000000000002
            ]
          ]
        ]
      }
    },
    {
      "type": "Feature",
      "properties": {
        "duration": "3h",
        "threshold_3h_in": 2.99,
        "median_3h_in": 2.99,
        "mean_3h_in": 2.53,
        "weighted_mean_3h_in": 2.53,
        "min_3h_in": 0.76,
        "max_3h_in": 3.39,
        "event_count": 4,
        "threshold_category": "moderate_sensitivity",
        "qc_flag": "ok",
        "qc_reason": "ok",
        "used_for_surface": true,
        "threshold_in": 2.99,
        "median_in": 2.99,
        "mean_in": 2.53,
        "weighted_mean_in": 2.53,
        "min_in": 0.76,
        "max_in": 3.39,
        "name": "Local empirical flash flood threshold cell",
        "source": "local_empirical_threshold_fallback",
        "source_url": "https://raw.githubusercontent.com/mefferso/Flash-Flood-Guidance-Map/main/docs/data/threshold_grid.geojson",
        "threshold_duration_hr": 3,
        "threshold_3hr_in": 2.99,
        "note": "Not official RFC Flash Flood Guidance. Derived from local empirical threshold grid for pipeline fallback/testing.",
        "susceptibility": "local empirical threshold"
      },
      "geometry": {
        "type": "Polygon",
        "coordinates": [
          [
            [
              -89.15,
              30.400000000000002
            ],
            [
              -89.05000000000001,
              30.400000000000002
            ],
            [
              -89.05000000000001,
              30.500000000000004
            ],
            [
              -89.15,
              30.500000000000004
            ],
            [
              -89.15,
              30.400000000000002
            ]
          ]
        ]
      }
    },
    {
      "type": "Feature",
      "properties": {
        "duration": "3h",
        "threshold_3h_in": 1.48,
        "median_3h_in": 1.48,
        "mean_3h_in": 1.41,
        "weighted_mean_3h_in": 1.41,
        "min_3h_in": 1.25,
        "max_3h_in": 1.51,
        "event_count": 3,
        "threshold_category": "high_sensitivity",
        "qc_flag": "ok",
        "qc_reason": "ok",
        "used_for_surface": true,
        "threshold_in": 1.48,
        "median_in": 1.48,
        "mean_in": 1.41,
        "weighted_mean_in": 1.41,
        "min_in": 1.25,
        "max_in": 1.51,
        "name": "Local empirical flash flood threshold cell",
        "source": "local_empirical_threshold_fallback",
        "source_url": "https://raw.githubusercontent.com/mefferso/Flash-Flood-Guidance-Map/main/docs/data/threshold_grid.geojson",
        "threshold_duration_hr": 3,
        "threshold_3hr_in": 1.48,
        "note": "Not official RFC Flash Flood Guidance. Derived from local empirical threshold grid for pipeline fallback/testing.",
        "susceptibility": "local empirical threshold"
      },
      "geometry": {
        "type": "Polygon",
        "coordinates": [
          [
            [
              -89.10000000000001,
              30.400000000000002
            ],
            [
              -89.00000000000001,
              30.400000000000002
            ],
            [
              -89.00000000000001,
              30.500000000000004
            ],
            [
              -89.10000000000001,
              30.500000000000004
            ],
            [
              -89.10000000000001,
              30.400000000000002
            ]
          ]
        ]
      }
    },
    {
      "type": "Feature",
      "properties": {
        "duration": "3h",
        "threshold_3h_in": 2.24,
        "median_3h_in": 2.24,
        "mean_3h_in": 2.44,
        "weighted_mean_3h_in": 2.44,
        "min_3h_in": 1.42,
        "max_3h_in": 3.84,
        "event_count": 4,
        "threshold_category": "moderate_sensitivity",
        "qc_flag": "ok",
        "qc_reason": "ok",
        "used_for_surface": true,
        "threshold_in": 2.24,
        "median_in": 2.24,
        "mean_in": 2.44,
        "weighted_mean_in": 2.44,
        "min_in": 1.42,
        "max_in": 3.84,
        "name": "Local empirical flash flood threshold cell",
        "source": "local_empirical_threshold_fallback",
        "source_url": "https://raw.githubusercontent.com/mefferso/Flash-Flood-Guidance-Map/main/docs/data/threshold_grid.geojson",
        "threshold_duration_hr": 3,
        "threshold_3hr_in": 2.24,
        "note": "Not official RFC Flash Flood Guidance. Derived from local empirical threshold grid for pipeline fallback/testing.",
        "susceptibility": "local empirical threshold"
      },
      "geometry": {
        "type": "Polygon",
        "coordinates": [
          [
            [
              -89.0,
              30.400000000000002
            ],
            [
              -88.9,
              30.400000000000002
            ],
            [
              -88.9,
              30.500000000000004
            ],
            [
              -89.0,
              30.500000000000004
            ],
            [
              -89.0,
              30.400000000000002
            ]
          ]
        ]
      }
    },
    {
      "type": "Feature",
      "properties": {
        "duration": "3h",
        "threshold_3h_in": 1.34,
        "median_3h_in": 1.34,
        "mean_3h_in": 1.34,
        "weighted_mean_3h_in": 1.34,
        "min_3h_in": 1.22,
        "max_3h_in": 1.45,
        "event_count": 2,
        "threshold_category": "high_sensitivity",
        "qc_flag": "ok",
        "qc_reason": "ok",
        "used_for_surface": true,
        "threshold_in": 1.34,
        "median_in": 1.34,
        "mean_in": 1.34,
        "weighted_mean_in": 1.34,
        "min_in": 1.22,
        "max_in": 1.45,
        "name": "Local empirical flash flood threshold cell",
        "source": "local_empirical_threshold_fallback",
        "source_url": "https://raw.githubusercontent.com/mefferso/Flash-Flood-Guidance-Map/main/docs/data/threshold_grid.geojson",
        "threshold_duration_hr": 3,
        "threshold_3hr_in": 1.34,
        "note": "Not official RFC Flash Flood Guidance. Derived from local empirical threshold grid for pipeline fallback/testing.",
        "susceptibility": "local empirical threshold"
      },
      "geometry": {
        "type": "Polygon",
        "coordinates": [
          [
            [
              -88.95,
              30.400000000000002
            ],
            [
              -88.85000000000001,
              30.400000000000002
            ],
            [
              -88.85000000000001,
              30.500000000000004
            ],
            [
              -88.95,
              30.500000000000004
            ],
            [
              -88.95,
              30.400000000000002
            ]
          ]
        ]
      }
    },
    {
      "type": "Feature",
      "properties": {
        "duration": "3h",
        "threshold_3h_in": 2.25,
        "median_3h_in": 2.25,
        "mean_3h_in": 2.25,
        "weighted_mean_3h_in": 2.25,
        "min_3h_in": 1.48,
        "max_3h_in": 3.02,
        "event_count": 2,
        "threshold_category": "moderate_sensitivity",
        "qc_flag": "ok",
        "qc_reason": "ok",
        "used_for_surface": true,
        "threshold_in": 2.25,
        "median_in": 2.25,
        "mean_in": 2.25,
        "weighted_mean_in": 2.25,
        "min_in": 1.48,
        "max_in": 3.02,
        "name": "Local empirical flash flood threshold cell",
        "source": "local_empirical_threshold_fallback",
        "source_url": "https://raw.githubusercontent.com/mefferso/Flash-Flood-Guidance-Map/main/docs/data/threshold_grid.geojson",
        "threshold_duration_hr": 3,
        "threshold_3hr_in": 2.25,
        "note": "Not official RFC Flash Flood Guidance. Derived from local empirical threshold grid for pipeline fallback/testing.",
        "susceptibility": "local empirical threshold"
      },
      "geometry": {
        "type": "Polygon",
        "coordinates": [
          [
            [
              -88.85000000000001,
              30.400000000000002
            ],
            [
              -88.75000000000001,
              30.400000000000002
            ],
            [
              -88.75000000000001,
              30.500000000000004
            ],
            [
              -88.85000000000001,
              30.500000000000004
            ],
            [
              -88.85000000000001,
              30.400000000000002
            ]
          ]
        ]
      }
    },
    {
      "type": "Feature",
      "properties": {
        "duration": "3h",
        "threshold_3h_in": 6.75,
        "median_3h_in": 6.75,
        "mean_3h_in": 6.75,
        "weighted_mean_3h_in": 6.75,
        "min_3h_in": 6.75,
        "max_3h_in": 6.75,
        "event_count": 1,
        "threshold_category": "least_sensitive",
        "qc_flag": "ok",
        "qc_reason": "ok",
        "used_for_surface": true,
        "threshold_in": 6.75,
        "median_in": 6.75,
        "mean_in": 6.75,
        "weighted_mean_in": 6.75,
        "min_in": 6.75,
        "max_in": 6.75,
        "name": "Local empirical flash flood threshold cell",
        "source": "local_empirical_threshold_fallback",
        "source_url": "https://raw.githubusercontent.com/mefferso/Flash-Flood-Guidance-Map/main/docs/data/threshold_grid.geojson",
        "threshold_duration_hr": 3,
        "threshold_3hr_in": 6.75,
        "note": "Not official RFC Flash Flood Guidance. Derived from local empirical threshold grid for pipeline fallback/testing.",
        "susceptibility": "local empirical threshold"
      },
      "geometry": {
        "type": "Polygon",
        "coordinates": [
          [
            [
              -91.5,
              30.45
            ],
            [
              -91.4,
              30.45
            ],
            [
              -91.4,
              30.55
            ],
            [
              -91.5,
              30.55
            ],
            [
              -91.5,
              30.45
            ]
          ]
        ]
      }
    },
    {
      "type": "Feature",
      "properties": {
        "duration": "3h",
        "threshold_3h_in": 2.38,
        "median_3h_in": 2.38,
        "mean_3h_in": 2.24,
        "weighted_mean_3h_in": 2.24,
        "min_3h_in": 0.79,
        "max_3h_in": 3.44,
        "event_count": 6,
        "threshold_category": "moderate_sensitivity",
        "qc_flag": "ok",
        "qc_reason": "ok",
        "used_for_surface": true,
        "threshold_in": 2.38,
        "median_in": 2.38,
        "mean_in": 2.24,
        "weighted_mean_in": 2.24,
        "min_in": 0.79,
        "max_in": 3.44,
        "name": "Local empirical flash flood threshold cell",
        "source": "local_empirical_threshold_fallback",
        "source_url": "https://raw.githubusercontent.com/mefferso/Flash-Flood-Guidance-Map/main/docs/data/threshold_grid.geojson",
        "threshold_duration_hr": 3,
        "threshold_3hr_in": 2.38,
        "note": "Not official RFC Flash Flood Guidance. Derived from local empirical threshold grid for pipeline fallback/testing.",
        "susceptibility": "local empirical threshold"
      },
      "geometry": {
        "type": "Polygon",
        "coordinates": [
          [
            [
              -91.25,
              30.45
            ],
            [
              -91.15,
              30.45
            ],
            [
              -91.15,
              30.55
            ],
            [
              -91.25,
              30.55
            ],
            [
              -91.25,
              30.45
            ]
          ]
        ]
      }
    },
    {
      "type": "Feature",
      "properties": {
        "duration": "3h",
        "threshold_3h_in": 1.44,
        "median_3h_in": 1.44,
        "mean_3h_in": 1.54,
        "weighted_mean_3h_in": 1.54,
        "min_3h_in": 1.11,
        "max_3h_in": 2.06,
        "event_count": 3,
        "threshold_category": "high_sensitivity",
        "qc_flag": "ok",
        "qc_reason": "ok",
        "used_for_surface": true,
        "threshold_in": 1.44,
        "median_in": 1.44,
        "mean_in": 1.54,
        "weighted_mean_in": 1.54,
        "min_in": 1.11,
        "max_in": 2.06,
        "name": "Local empirical flash flood threshold cell",
        "source": "local_empirical_threshold_fallback",
        "source_url": "https://raw.githubusercontent.com/mefferso/Flash-Flood-Guidance-Map/main/docs/data/threshold_grid.geojson",
        "threshold_duration_hr": 3,
        "threshold_3hr_in": 1.44,
        "note": "Not official RFC Flash Flood Guidance. Derived from local empirical threshold grid for pipeline fallback/testing.",
        "susceptibility": "local empirical threshold"
      },
      "geometry": {
        "type": "Polygon",
        "coordinates": [
          [
            [
              -91.2,
              30.45
            ],
            [
              -91.10000000000001,
              30.45
            ],
            [
              -91.10000000000001,
              30.55
            ],
            [
              -91.2,
              30.55
            ],
            [
              -91.2,
              30.45
            ]
          ]
        ]
      }
    },
    {
      "type": "Feature",
      "properties": {
        "duration": "3h",
        "threshold_3h_in": 2.24,
        "median_3h_in": 2.24,
        "mean_3h_in": 2.24,
        "weighted_mean_3h_in": 2.24,
        "min_3h_in": 2.24,
        "max_3h_in": 2.24,
        "event_count": 1,
        "threshold_category": "moderate_sensitivity",
        "qc_flag": "ok",
        "qc_reason": "ok",
        "used_for_surface": true,
        "threshold_in": 2.24,
        "median_in": 2.24,
        "mean_in": 2.24,
        "weighted_mean_in": 2.24,
        "min_in": 2.24,
        "max_in": 2.24,
        "name": "Local empirical flash flood threshold cell",
        "source": "local_empirical_threshold_fallback",
        "source_url": "https://raw.githubusercontent.com/mefferso/Flash-Flood-Guidance-Map/main/docs/data/threshold_grid.geojson",
        "threshold_duration_hr": 3,
        "threshold_3hr_in": 2.24,
        "note": "Not official RFC Flash Flood Guidance. Derived from local empirical threshold grid for pipeline fallback/testing.",
        "susceptibility": "local empirical threshold"
      },
      "geometry": {
        "type": "Polygon",
        "coordinates": [
          [
            [
              -91.15,
              30.45
            ],
            [
              -91.05000000000001,
              30.45
            ],
            [
              -91.05000000000001,
              30.55
            ],
            [
              -91.15,
              30.55
            ],
            [
              -91.15,
              30.45
            ]
          ]
        ]
      }
    },
    {
      "type": "Feature",
      "properties": {
        "duration": "3h",
        "threshold_3h_in": 2.36,
        "median_3h_in": 2.36,
        "mean_3h_in": 2.36,
        "weighted_mean_3h_in": 2.36,
        "min_3h_in": 1.12,
        "max_3h_in": 3.61,
        "event_count": 2,
        "threshold_category": "moderate_sensitivity",
        "qc_flag": "ok",
        "qc_reason": "ok",
        "used_for_surface": true,
        "threshold_in": 2.36,
        "median_in": 2.36,
        "mean_in": 2.36,
        "weighted_mean_in": 2.36,
        "min_in": 1.12,
        "max_in": 3.61,
        "name": "Local empirical flash flood threshold cell",
        "source": "local_empirical_threshold_fallback",
        "source_url": "https://raw.githubusercontent.com/mefferso/Flash-Flood-Guidance-Map/main/docs/data/threshold_grid.geojson",
        "threshold_duration_hr": 3,
        "threshold_3hr_in": 2.36,
        "note": "Not official RFC Flash Flood Guidance. Derived from local empirical threshold grid for pipeline fallback/testing.",
        "susceptibility": "local empirical threshold"
      },
      "geometry": {
        "type": "Polygon",
        "coordinates": [
          [
            [
              -91.10000000000001,
              30.45
            ],
            [
              -91.00000000000001,
              30.45
            ],
            [
              -91.00000000000001,
              30.55
            ],
            [
              -91.10000000000001,
              30.55
            ],
            [
              -91.10000000000001,
              30.45
            ]
          ]
        ]
      }
    },
    {
      "type": "Feature",
      "properties": {
        "duration": "3h",
        "threshold_3h_in": 3.45,
        "median_3h_in": 3.45,
        "mean_3h_in": 3.45,
        "weighted_mean_3h_in": 3.45,
        "min_3h_in": 3.45,
        "max_3h_in": 3.45,
        "event_count": 1,
        "threshold_category": "lower_sensitivity",
        "qc_flag": "ok",
        "qc_reason": "ok",
        "used_for_surface": true,
        "threshold_in": 3.45,
        "median_in": 3.45,
        "mean_in": 3.45,
        "weighted_mean_in": 3.45,
        "min_in": 3.45,
        "max_in": 3.45,
        "name": "Local empirical flash flood threshold cell",
        "source": "local_empirical_threshold_fallback",
        "source_url": "https://raw.githubusercontent.com/mefferso/Flash-Flood-Guidance-Map/main/docs/data/threshold_grid.geojson",
        "threshold_duration_hr": 3,
        "threshold_3hr_in": 3.45,
        "note": "Not official RFC Flash Flood Guidance. Derived from local empirical threshold grid for pipeline fallback/testing.",
        "susceptibility": "local empirical threshold"
      },
      "geometry": {
        "type": "Polygon",
        "coordinates": [
          [
            [
              -91.05,
              30.45
            ],
            [
              -90.95,
              30.45
            ],
            [
              -90.95,
              30.55
            ],
            [
              -91.05,
              30.55
            ],
            [
              -91.05,
              30.45
            ]
          ]
        ]
      }
    },
    {
      "type": "Feature",
      "properties": {
        "duration": "3h",
        "threshold_3h_in": 1.7,
        "median_3h_in": 1.7,
        "mean_3h_in": 1.7,
        "weighted_mean_3h_in": 1.7,
        "min_3h_in": 1.7,
        "max_3h_in": 1.7,
        "event_count": 1,
        "threshold_category": "high_sensitivity",
        "qc_flag": "ok",
        "qc_reason": "ok",
        "used_for_surface": true,
        "threshold_in": 1.7,
        "median_in": 1.7,
        "mean_in": 1.7,
        "weighted_mean_in": 1.7,
        "min_in": 1.7,
        "max_in": 1.7,
        "name": "Local empirical flash flood threshold cell",
        "source": "local_empirical_threshold_fallback",
        "source_url": "https://raw.githubusercontent.com/mefferso/Flash-Flood-Guidance-Map/main/docs/data/threshold_grid.geojson",
        "threshold_duration_hr": 3,
        "threshold_3hr_in": 1.7,
        "note": "Not official RFC Flash Flood Guidance. Derived from local empirical threshold grid for pipeline fallback/testing.",
        "susceptibility": "local empirical threshold"
      },
      "geometry": {
        "type": "Polygon",
        "coordinates": [
          [
            [
              -91.0,
              30.45
            ],
            [
              -90.9,
              30.45
            ],
            [
              -90.9,
              30.55
            ],
            [
              -91.0,
              30.55
            ],
            [
              -91.0,
              30.45
            ]
          ]
        ]
      }
    },
    {
      "type": "Feature",
      "properties": {
        "duration": "3h",
        "threshold_3h_in": 1.54,
        "median_3h_in": 1.54,
        "mean_3h_in": 1.54,
        "weighted_mean_3h_in": 1.54,
        "min_3h_in": 1.54,
        "max_3h_in": 1.54,
        "event_count": 1,
        "threshold_category": "high_sensitivity",
        "qc_flag": "ok",
        "qc_reason": "ok",
        "used_for_surface": true,
        "threshold_in": 1.54,
        "median_in": 1.54,
        "mean_in": 1.54,
        "weighted_mean_in": 1.54,
        "min_in": 1.54,
        "max_in": 1.54,
        "name": "Local empirical flash flood threshold cell",
        "source": "local_empirical_threshold_fallback",
        "source_url": "https://raw.githubusercontent.com/mefferso/Flash-Flood-Guidance-Map/main/docs/data/threshold_grid.geojson",
        "threshold_duration_hr": 3,
        "threshold_3hr_in": 1.54,
        "note": "Not official RFC Flash Flood Guidance. Derived from local empirical threshold grid for pipeline fallback/testing.",
        "susceptibility": "local empirical threshold"
      },
      "geometry": {
        "type": "Polygon",
        "coordinates": [
          [
            [
              -90.95,
              30.45
            ],
            [
              -90.85000000000001,
              30.45
            ],
            [
              -90.85000000000001,
              30.55
            ],
            [
              -90.95,
              30.55
            ],
            [
              -90.95,
              30.45
            ]
          ]
        ]
      }
    },
    {
      "type": "Feature",
      "properties": {
        "duration": "3h",
        "threshold_3h_in": 1.62,
        "median_3h_in": 1.62,
        "mean_3h_in": 1.62,
        "weighted_mean_3h_in": 1.62,
        "min_3h_in": 0.98,
        "max_3h_in": 2.26,
        "event_count": 2,
        "threshold_category": "high_sensitivity",
        "qc_flag": "ok",
        "qc_reason": "ok",
        "used_for_surface": true,
        "threshold_in": 1.62,
        "median_in": 1.62,
        "mean_in": 1.62,
        "weighted_mean_in": 1.62,
        "min_in": 0.98,
        "max_in": 2.26,
        "name": "Local empirical flash flood threshold cell",
        "source": "local_empirical_threshold_fallback",
        "source_url": "https://raw.githubusercontent.com/mefferso/Flash-Flood-Guidance-Map/main/docs/data/threshold_grid.geojson",
        "threshold_duration_hr": 3,
        "threshold_3hr_in": 1.62,
        "note": "Not official RFC Flash Flood Guidance. Derived from local empirical threshold grid for pipeline fallback/testing.",
        "susceptibility": "local empirical threshold"
      },
      "geometry": {
        "type": "Polygon",
        "coordinates": [
          [
            [
              -90.9,
              30.45
            ],
            [
              -90.80000000000001,
              30.45
            ],
            [
              -90.80000000000001,
              30.55
            ],
            [
              -90.9,
              30.55
            ],
            [
              -90.9,
              30.45
            ]
          ]
        ]
      }
    },
    {
      "type": "Feature",
      "properties": {
        "duration": "3h",
        "threshold_3h_in": 0.9,
        "median_3h_in": 0.9,
        "mean_3h_in": 0.9,
        "weighted_mean_3h_in": 0.9,
        "min_3h_in": 0.71,
        "max_3h_in": 1.09,
        "event_count": 2,
        "threshold_category": "high_sensitivity",
        "qc_flag": "suspect_threshold",
        "qc_reason": "3h threshold below 1.20 inch",
        "used_for_surface": false,
        "threshold_in": 0.9,
        "median_in": 0.9,
        "mean_in": 0.9,
        "weighted_mean_in": 0.9,
        "min_in": 0.71,
        "max_in": 1.09,
        "name": "Local empirical flash flood threshold cell",
        "source": "local_empirical_threshold_fallback",
        "source_url": "https://raw.githubusercontent.com/mefferso/Flash-Flood-Guidance-Map/main/docs/data/threshold_grid.geojson",
        "threshold_duration_hr": 3,
        "threshold_3hr_in": 0.9,
        "note": "Not official RFC Flash Flood Guidance. Derived from local empirical threshold grid for pipeline fallback/testing.",
        "susceptibility": "local empirical threshold"
      },
      "geometry": {
        "type": "Polygon",
        "coordinates": [
          [
            [
              -90.55,
              30.45
            ],
            [
              -90.45,
              30.45
            ],
            [
              -90.45,
              30.55
            ],
            [
              -90.55,
              30.55
            ],
            [
              -90.55,
              30.45
            ]
          ]
        ]
      }
    },
    {
      "type": "Feature",
      "properties": {
        "duration": "3h",
        "threshold_3h_in": 2.06,
        "median_3h_in": 2.06,
        "mean_3h_in": 2.06,
        "weighted_mean_3h_in": 2.06,
        "min_3h_in": 2.06,
        "max_3h_in": 2.06,
        "event_count": 2,
        "threshold_category": "moderate_sensitivity",
        "qc_flag": "ok",
        "qc_reason": "ok",
        "used_for_surface": true,
        "threshold_in": 2.06,
        "median_in": 2.06,
        "mean_in": 2.06,
        "weighted_mean_in": 2.06,
        "min_in": 2.06,
        "max_in": 2.06,
        "name": "Local empirical flash flood threshold cell",
        "source": "local_empirical_threshold_fallback",
        "source_url": "https://raw.githubusercontent.com/mefferso/Flash-Flood-Guidance-Map/main/docs/data/threshold_grid.geojson",
        "threshold_duration_hr": 3,
        "threshold_3hr_in": 2.06,
        "note": "Not official RFC Flash Flood Guidance. Derived from local empirical threshold grid for pipeline fallback/testing.",
        "susceptibility": "local empirical threshold"
      },
      "geometry": {
        "type": "Polygon",
        "coordinates": [
          [
            [
              -90.5,
              30.45
            ],
            [
              -90.4,
              30.45
            ],
            [
              -90.4,
              30.55
            ],
            [
              -90.5,
              30.55
            ],
            [
              -90.5,
              30.45
            ]
          ]
        ]
      }
    },
    {
      "type": "Feature",
      "properties": {
        "duration": "3h",
        "threshold_3h_in": 3.27,
        "median_3h_in": 3.27,
        "mean_3h_in": 3.27,
        "weighted_mean_3h_in": 3.27,
        "min_3h_in": 3.27,
        "max_3h_in": 3.27,
        "event_count": 1,
        "threshold_category": "lower_sensitivity",
        "qc_flag": "ok",
        "qc_reason": "ok",
        "used_for_surface": true,
        "threshold_in": 3.27,
        "median_in": 3.27,
        "mean_in": 3.27,
        "weighted_mean_in": 3.27,
        "min_in": 3.27,
        "max_in": 3.27,
        "name": "Local empirical flash flood threshold cell",
        "source": "local_empirical_threshold_fallback",
        "source_url": "https://raw.githubusercontent.com/mefferso/Flash-Flood-Guidance-Map/main/docs/data/threshold_grid.geojson",
        "threshold_duration_hr": 3,
        "threshold_3hr_in": 3.27,
        "note": "Not official RFC Flash Flood Guidance. Derived from local empirical threshold grid for pipeline fallback/testing.",
        "susceptibility": "local empirical threshold"
      },
      "geometry": {
        "type": "Polygon",
        "coordinates": [
          [
            [
              -90.25,
              30.45
            ],
            [
              -90.15,
              30.45
            ],
            [
              -90.15,
              30.55
            ],
            [
              -90.25,
              30.55
            ],
            [
              -90.25,
              30.45
            ]
          ]
        ]
      }
    },
    {
      "type": "Feature",
      "properties": {
        "duration": "3h",
        "threshold_3h_in": 1.39,
        "median_3h_in": 1.39,
        "mean_3h_in": 1.39,
        "weighted_mean_3h_in": 1.39,
        "min_3h_in": 0.58,
        "max_3h_in": 2.21,
        "event_count": 2,
        "threshold_category": "high_sensitivity",
        "qc_flag": "ok",
        "qc_reason": "ok",
        "used_for_surface": true,
        "threshold_in": 1.39,
        "median_in": 1.39,
        "mean_in": 1.39,
        "weighted_mean_in": 1.39,
        "min_in": 0.58,
        "max_in": 2.21,
        "name": "Local empirical flash flood threshold cell",
        "source": "local_empirical_threshold_fallback",
        "source_url": "https://raw.githubusercontent.com/mefferso/Flash-Flood-Guidance-Map/main/docs/data/threshold_grid.geojson",
        "threshold_duration_hr": 3,
        "threshold_3hr_in": 1.39,
        "note": "Not official RFC Flash Flood Guidance. Derived from local empirical threshold grid for pipeline fallback/testing.",
        "susceptibility": "local empirical threshold"
      },
      "geometry": {
        "type": "Polygon",
        "coordinates": [
          [
            [
              -90.15,
              30.45
            ],
            [
              -90.05000000000001,
              30.45
            ],
            [
              -90.05000000000001,
              30.55
            ],
            [
              -90.15,
              30.55
            ],
            [
              -90.15,
              30.45
            ]
          ]
        ]
      }
    },
    {
      "type": "Feature",
      "properties": {
        "duration": "3h",
        "threshold_3h_in": 2.73,
        "median_3h_in": 2.73,
        "mean_3h_in": 2.73,
        "weighted_mean_3h_in": 2.73,
        "min_3h_in": 2.73,
        "max_3h_in": 2.73,
        "event_count": 1,
        "threshold_category": "moderate_sensitivity",
        "qc_flag": "ok",
        "qc_reason": "ok",
        "used_for_surface": true,
        "threshold_in": 2.73,
        "median_in": 2.73,
        "mean_in": 2.73,
        "weighted_mean_in": 2.73,
        "min_in": 2.73,
        "max_in": 2.73,
        "name": "Local empirical flash flood threshold cell",
        "source": "local_empirical_threshold_fallback",
        "source_url": "https://raw.githubusercontent.com/mefferso/Flash-Flood-Guidance-Map/main/docs/data/threshold_grid.geojson",
        "threshold_duration_hr": 3,
        "threshold_3hr_in": 2.73,
        "note": "Not official RFC Flash Flood Guidance. Derived from local empirical threshold grid for pipeline fallback/testing.",
        "susceptibility": "local empirical threshold"
      },
      "geometry": {
        "type": "Polygon",
        "coordinates": [
          [
            [
              -89.75,
              30.45
            ],
            [
              -89.65,
              30.45
            ],
            [
              -89.65,
              30.55
            ],
            [
              -89.75,
              30.55
            ],
            [
              -89.75,
              30.45
            ]
          ]
        ]
      }
    },
    {
      "type": "Feature",
      "properties": {
        "duration": "3h",
        "threshold_3h_in": 2.32,
        "median_3h_in": 2.32,
        "mean_3h_in": 2.32,
        "weighted_mean_3h_in": 2.32,
        "min_3h_in": 2.32,
        "max_3h_in": 2.32,
        "event_count": 1,
        "threshold_category": "moderate_sensitivity",
        "qc_flag": "ok",
        "qc_reason": "ok",
        "used_for_surface": true,
        "threshold_in": 2.32,
        "median_in": 2.32,
        "mean_in": 2.32,
        "weighted_mean_in": 2.32,
        "min_in": 2.32,
        "max_in": 2.32,
        "name": "Local empirical flash flood threshold cell",
        "source": "local_empirical_threshold_fallback",
        "source_url": "https://raw.githubusercontent.com/mefferso/Flash-Flood-Guidance-Map/main/docs/data/threshold_grid.geojson",
        "threshold_duration_hr": 3,
        "threshold_3hr_in": 2.32,
        "note": "Not official RFC Flash Flood Guidance. Derived from local empirical threshold grid for pipeline fallback/testing.",
        "susceptibility": "local empirical threshold"
      },
      "geometry": {
        "type": "Polygon",
        "coordinates": [
          [
            [
              -89.7,
              30.45
            ],
            [
              -89.60000000000001,
              30.45
            ],
            [
              -89.60000000000001,
              30.55
            ],
            [
              -89.7,
              30.55
            ],
            [
              -89.7,
              30.45
            ]
          ]
        ]
      }
    },
    {
      "type": "Feature",
      "properties": {
        "duration": "3h",
        "threshold_3h_in": 0.72,
        "median_3h_in": 0.72,
        "mean_3h_in": 0.72,
        "weighted_mean_3h_in": 0.72,
        "min_3h_in": 0.72,
        "max_3h_in": 0.72,
        "event_count": 1,
        "threshold_category": "high_sensitivity",
        "qc_flag": "suspect_threshold",
        "qc_reason": "3h threshold below 1.20 inch",
        "used_for_surface": false,
        "threshold_in": 0.72,
        "median_in": 0.72,
        "mean_in": 0.72,
        "weighted_mean_in": 0.72,
        "min_in": 0.72,
        "max_in": 0.72,
        "name": "Local empirical flash flood threshold cell",
        "source": "local_empirical_threshold_fallback",
        "source_url": "https://raw.githubusercontent.com/mefferso/Flash-Flood-Guidance-Map/main/docs/data/threshold_grid.geojson",
        "threshold_duration_hr": 3,
        "threshold_3hr_in": 0.72,
        "note": "Not official RFC Flash Flood Guidance. Derived from local empirical threshold grid for pipeline fallback/testing.",
        "susceptibility": "local empirical threshold"
      },
      "geometry": {
        "type": "Polygon",
        "coordinates": [
          [
            [
              -89.55,
              30.45
            ],
            [
              -89.45,
              30.45
            ],
            [
              -89.45,
              30.55
            ],
            [
              -89.55,
              30.55
            ],
            [
              -89.55,
              30.45
            ]
          ]
        ]
      }
    },
    {
      "type": "Feature",
      "properties": {
        "duration": "3h",
        "threshold_3h_in": 2.13,
        "median_3h_in": 2.13,
        "mean_3h_in": 2.13,
        "weighted_mean_3h_in": 2.13,
        "min_3h_in": 2.13,
        "max_3h_in": 2.13,
        "event_count": 1,
        "threshold_category": "moderate_sensitivity",
        "qc_flag": "ok",
        "qc_reason": "ok",
        "used_for_surface": true,
        "threshold_in": 2.13,
        "median_in": 2.13,
        "mean_in": 2.13,
        "weighted_mean_in": 2.13,
        "min_in": 2.13,
        "max_in": 2.13,
        "name": "Local empirical flash flood threshold cell",
        "source": "local_empirical_threshold_fallback",
        "source_url": "https://raw.githubusercontent.com/mefferso/Flash-Flood-Guidance-Map/main/docs/data/threshold_grid.geojson",
        "threshold_duration_hr": 3,
        "threshold_3hr_in": 2.13,
        "note": "Not official RFC Flash Flood Guidance. Derived from local empirical threshold grid for pipeline fallback/testing.",
        "susceptibility": "local empirical threshold"
      },
      "geometry": {
        "type": "Polygon",
        "coordinates": [
          [
            [
              -89.45,
              30.45
            ],
            [
              -89.35000000000001,
              30.45
            ],
            [
              -89.35000000000001,
              30.55
            ],
            [
              -89.45,
              30.55
            ],
            [
              -89.45,
              30.45
            ]
          ]
        ]
      }
    },
    {
      "type": "Feature",
      "properties": {
        "duration": "3h",
        "threshold_3h_in": 2.44,
        "median_3h_in": 2.44,
        "mean_3h_in": 2.44,
        "weighted_mean_3h_in": 2.44,
        "min_3h_in": 2.44,
        "max_3h_in": 2.44,
        "event_count": 1,
        "threshold_category": "moderate_sensitivity",
        "qc_flag": "ok",
        "qc_reason": "ok",
        "used_for_surface": true,
        "threshold_in": 2.44,
        "median_in": 2.44,
        "mean_in": 2.44,
        "weighted_mean_in": 2.44,
        "min_in": 2.44,
        "max_in": 2.44,
        "name": "Local empirical flash flood threshold cell",
        "source": "local_empirical_threshold_fallback",
        "source_url": "https://raw.githubusercontent.com/mefferso/Flash-Flood-Guidance-Map/main/docs/data/threshold_grid.geojson",
        "threshold_duration_hr": 3,
        "threshold_3hr_in": 2.44,
        "note": "Not official RFC Flash Flood Guidance. Derived from local empirical threshold grid for pipeline fallback/testing.",
        "susceptibility": "local empirical threshold"
      },
      "geometry": {
        "type": "Polygon",
        "coordinates": [
          [
            [
              -89.25,
              30.45
            ],
            [
              -89.15,
              30.45
            ],
            [
              -89.15,
              30.55
            ],
            [
              -89.25,
              30.55
            ],
            [
              -89.25,
              30.45
            ]
          ]
        ]
      }
    },
    {
      "type": "Feature",
      "properties": {
        "duration": "3h",
        "threshold_3h_in": 1.97,
        "median_3h_in": 1.97,
        "mean_3h_in": 1.97,
        "weighted_mean_3h_in": 1.97,
        "min_3h_in": 1.97,
        "max_3h_in": 1.97,
        "event_count": 1,
        "threshold_category": "high_sensitivity",
        "qc_flag": "ok",
        "qc_reason": "ok",
        "used_for_surface": true,
        "threshold_in": 1.97,
        "median_in": 1.97,
        "mean_in": 1.97,
        "weighted_mean_in": 1.97,
        "min_in": 1.97,
        "max_in": 1.97,
        "name": "Local empirical flash flood threshold cell",
        "source": "local_empirical_threshold_fallback",
        "source_url": "https://raw.githubusercontent.com/mefferso/Flash-Flood-Guidance-Map/main/docs/data/threshold_grid.geojson",
        "threshold_duration_hr": 3,
        "threshold_3hr_in": 1.97,
        "note": "Not official RFC Flash Flood Guidance. Derived from local empirical threshold grid for pipeline fallback/testing.",
        "susceptibility": "local empirical threshold"
      },
      "geometry": {
        "type": "Polygon",
        "coordinates": [
          [
            [
              -89.2,
              30.45
            ],
            [
              -89.10000000000001,
              30.45
            ],
            [
              -89.10000000000001,
              30.55
            ],
            [
              -89.2,
              30.55
            ],
            [
              -89.2,
              30.45
            ]
          ]
        ]
      }
    },
    {
      "type": "Feature",
      "properties": {
        "duration": "3h",
        "threshold_3h_in": 6.04,
        "median_3h_in": 6.04,
        "mean_3h_in": 6.04,
        "weighted_mean_3h_in": 6.04,
        "min_3h_in": 6.04,
        "max_3h_in": 6.04,
        "event_count": 1,
        "threshold_category": "least_sensitive",
        "qc_flag": "ok",
        "qc_reason": "ok",
        "used_for_surface": true,
        "threshold_in": 6.04,
        "median_in": 6.04,
        "mean_in": 6.04,
        "weighted_mean_in": 6.04,
        "min_in": 6.04,
        "max_in": 6.04,
        "name": "Local empirical flash flood threshold cell",
        "source": "local_empirical_threshold_fallback",
        "source_url": "https://raw.githubusercontent.com/mefferso/Flash-Flood-Guidance-Map/main/docs/data/threshold_grid.geojson",
        "threshold_duration_hr": 3,
        "threshold_3hr_in": 6.04,
        "note": "Not official RFC Flash Flood Guidance. Derived from local empirical threshold grid for pipeline fallback/testing.",
        "susceptibility": "local empirical threshold"
      },
      "geometry": {
        "type": "Polygon",
        "coordinates": [
          [
            [
              -89.15,
              30.45
            ],
            [
              -89.05000000000001,
              30.45
            ],
            [
              -89.05000000000001,
              30.55
            ],
            [
              -89.15,
              30.55
            ],
            [
              -89.15,
              30.45
            ]
          ]
        ]
      }
    },
    {
      "type": "Feature",
      "properties": {
        "duration": "3h",
        "threshold_3h_in": 0.02,
        "median_3h_in": 0.02,
        "mean_3h_in": 0.02,
        "weighted_mean_3h_in": 0.02,
        "min_3h_in": 0.02,
        "max_3h_in": 0.02,
        "event_count": 1,
        "threshold_category": "high_sensitivity",
        "qc_flag": "suspect_threshold",
        "qc_reason": "3h threshold below 1.20 inch",
        "used_for_surface": false,
        "threshold_in": 0.02,
        "median_in": 0.02,
        "mean_in": 0.02,
        "weighted_mean_in": 0.02,
        "min_in": 0.02,
        "max_in": 0.02,
        "name": "Local empirical flash flood threshold cell",
        "source": "local_empirical_threshold_fallback",
        "source_url": "https://raw.githubusercontent.com/mefferso/Flash-Flood-Guidance-Map/main/docs/data/threshold_grid.geojson",
        "threshold_duration_hr": 3,
        "threshold_3hr_in": 0.02,
        "note": "Not official RFC Flash Flood Guidance. Derived from local empirical threshold grid for pipeline fallback/testing.",
        "susceptibility": "local empirical threshold"
      },
      "geometry": {
        "type": "Polygon",
        "coordinates": [
          [
            [
              -89.10000000000001,
              30.45
            ],
            [
              -89.00000000000001,
              30.45
            ],
            [
              -89.00000000000001,
              30.55
            ],
            [
              -89.10000000000001,
              30.55
            ],
            [
              -89.10000000000001,
              30.45
            ]
          ]
        ]
      }
    },
    {
      "type": "Feature",
      "properties": {
        "duration": "3h",
        "threshold_3h_in": 1.96,
        "median_3h_in": 1.96,
        "mean_3h_in": 1.96,
        "weighted_mean_3h_in": 1.96,
        "min_3h_in": 1.96,
        "max_3h_in": 1.96,
        "event_count": 1,
        "threshold_category": "high_sensitivity",
        "qc_flag": "ok",
        "qc_reason": "ok",
        "used_for_surface": true,
        "threshold_in": 1.96,
        "median_in": 1.96,
        "mean_in": 1.96,
        "weighted_mean_in": 1.96,
        "min_in": 1.96,
        "max_in": 1.96,
        "name": "Local empirical flash flood threshold cell",
        "source": "local_empirical_threshold_fallback",
        "source_url": "https://raw.githubusercontent.com/mefferso/Flash-Flood-Guidance-Map/main/docs/data/threshold_grid.geojson",
        "threshold_duration_hr": 3,
        "threshold_3hr_in": 1.96,
        "note": "Not official RFC Flash Flood Guidance. Derived from local empirical threshold grid for pipeline fallback/testing.",
        "susceptibility": "local empirical threshold"
      },
      "geometry": {
        "type": "Polygon",
        "coordinates": [
          [
            [
              -88.9,
              30.45
            ],
            [
              -88.80000000000001,
              30.45
            ],
            [
              -88.80000000000001,
              30.55
            ],
            [
              -88.9,
              30.55
            ],
            [
              -88.9,
              30.45
            ]
          ]
        ]
      }
    },
    {
      "type": "Feature",
      "properties": {
        "duration": "3h",
        "threshold_3h_in": 3.44,
        "median_3h_in": 3.44,
        "mean_3h_in": 3.44,
        "weighted_mean_3h_in": 3.44,
        "min_3h_in": 3.44,
        "max_3h_in": 3.44,
        "event_count": 1,
        "threshold_category": "lower_sensitivity",
        "qc_flag": "ok",
        "qc_reason": "ok",
        "used_for_surface": true,
        "threshold_in": 3.44,
        "median_in": 3.44,
        "mean_in": 3.44,
        "weighted_mean_in": 3.44,
        "min_in": 3.44,
        "max_in": 3.44,
        "name": "Local empirical flash flood threshold cell",
        "source": "local_empirical_threshold_fallback",
        "source_url": "https://raw.githubusercontent.com/mefferso/Flash-Flood-Guidance-Map/main/docs/data/threshold_grid.geojson",
        "threshold_duration_hr": 3,
        "threshold_3hr_in": 3.44,
        "note": "Not official RFC Flash Flood Guidance. Derived from local empirical threshold grid for pipeline fallback/testing.",
        "susceptibility": "local empirical threshold"
      },
      "geometry": {
        "type": "Polygon",
        "coordinates": [
          [
            [
              -88.8,
              30.45
            ],
            [
              -88.7,
              30.45
            ],
            [
              -88.7,
              30.55
            ],
            [
              -88.8,
              30.55
            ],
            [
              -88.8,
              30.45
            ]
          ]
        ]
      }
    },
    {
      "type": "Feature",
      "properties": {
        "duration": "3h",
        "threshold_3h_in": 1.32,
        "median_3h_in": 1.32,
        "mean_3h_in": 1.32,
        "weighted_mean_3h_in": 1.32,
        "min_3h_in": 0.78,
        "max_3h_in": 1.86,
        "event_count": 2,
        "threshold_category": "high_sensitivity",
        "qc_flag": "ok",
        "qc_reason": "ok",
        "used_for_surface": true,
        "threshold_in": 1.32,
        "median_in": 1.32,
        "mean_in": 1.32,
        "weighted_mean_in": 1.32,
        "min_in": 0.78,
        "max_in": 1.86,
        "name": "Local empirical flash flood threshold cell",
        "source": "local_empirical_threshold_fallback",
        "source_url": "https://raw.githubusercontent.com/mefferso/Flash-Flood-Guidance-Map/main/docs/data/threshold_grid.geojson",
        "threshold_duration_hr": 3,
        "threshold_3hr_in": 1.32,
        "note": "Not official RFC Flash Flood Guidance. Derived from local empirical threshold grid for pipeline fallback/testing.",
        "susceptibility": "local empirical threshold"
      },
      "geometry": {
        "type": "Polygon",
        "coordinates": [
          [
            [
              -88.75,
              30.45
            ],
            [
              -88.65,
              30.45
            ],
            [
              -88.65,
              30.55
            ],
            [
              -88.75,
              30.55
            ],
            [
              -88.75,
              30.45
            ]
          ]
        ]
      }
    },
    {
      "type": "Feature",
      "properties": {
        "duration": "3h",
        "threshold_3h_in": 6.74,
        "median_3h_in": 6.74,
        "mean_3h_in": 6.74,
        "weighted_mean_3h_in": 6.74,
        "min_3h_in": 6.74,
        "max_3h_in": 6.74,
        "event_count": 1,
        "threshold_category": "least_sensitive",
        "qc_flag": "ok",
        "qc_reason": "ok",
        "used_for_surface": true,
        "threshold_in": 6.74,
        "median_in": 6.74,
        "mean_in": 6.74,
        "weighted_mean_in": 6.74,
        "min_in": 6.74,
        "max_in": 6.74,
        "name": "Local empirical flash flood threshold cell",
        "source": "local_empirical_threshold_fallback",
        "source_url": "https://raw.githubusercontent.com/mefferso/Flash-Flood-Guidance-Map/main/docs/data/threshold_grid.geojson",
        "threshold_duration_hr": 3,
        "threshold_3hr_in": 6.74,
        "note": "Not official RFC Flash Flood Guidance. Derived from local empirical threshold grid for pipeline fallback/testing.",
        "susceptibility": "local empirical threshold"
      },
      "geometry": {
        "type": "Polygon",
        "coordinates": [
          [
            [
              -91.5,
              30.5
            ],
            [
              -91.4,
              30.5
            ],
            [
              -91.4,
              30.6
            ],
            [
              -91.5,
              30.6
            ],
            [
              -91.5,
              30.5
            ]
          ]
        ]
      }
    },
    {
      "type": "Feature",
      "properties": {
        "duration": "3h",
        "threshold_3h_in": 1.02,
        "median_3h_in": 1.02,
        "mean_3h_in": 1.02,
        "weighted_mean_3h_in": 1.02,
        "min_3h_in": 1.02,
        "max_3h_in": 1.02,
        "event_count": 1,
        "threshold_category": "high_sensitivity",
        "qc_flag": "suspect_threshold",
        "qc_reason": "3h threshold below 1.20 inch",
        "used_for_surface": false,
        "threshold_in": 1.02,
        "median_in": 1.02,
        "mean_in": 1.02,
        "weighted_mean_in": 1.02,
        "min_in": 1.02,
        "max_in": 1.02,
        "name": "Local empirical flash flood threshold cell",
        "source": "local_empirical_threshold_fallback",
        "source_url": "https://raw.githubusercontent.com/mefferso/Flash-Flood-Guidance-Map/main/docs/data/threshold_grid.geojson",
        "threshold_duration_hr": 3,
        "threshold_3hr_in": 1.02,
        "note": "Not official RFC Flash Flood Guidance. Derived from local empirical threshold grid for pipeline fallback/testing.",
        "susceptibility": "local empirical threshold"
      },
      "geometry": {
        "type": "Polygon",
        "coordinates": [
          [
            [
              -91.45,
              30.5
            ],
            [
              -91.35000000000001,
              30.5
            ],
            [
              -91.35000000000001,
              30.6
            ],
            [
              -91.45,
              30.6
            ],
            [
              -91.45,
              30.5
            ]
          ]
        ]
      }
    },
    {
      "type": "Feature",
      "properties": {
        "duration": "3h",
        "threshold_3h_in": 1.19,
        "median_3h_in": 1.19,
        "mean_3h_in": 0.99,
        "weighted_mean_3h_in": 0.99,
        "min_3h_in": 0.0,
        "max_3h_in": 1.89,
        "event_count": 6,
        "threshold_category": "high_sensitivity",
        "qc_flag": "suspect_threshold",
        "qc_reason": "3h threshold below 1.20 inch",
        "used_for_surface": false,
        "threshold_in": 1.19,
        "median_in": 1.19,
        "mean_in": 0.99,
        "weighted_mean_in": 0.99,
        "min_in": 0.0,
        "max_in": 1.89,
        "name": "Local empirical flash flood threshold cell",
        "source": "local_empirical_threshold_fallback",
        "source_url": "https://raw.githubusercontent.com/mefferso/Flash-Flood-Guidance-Map/main/docs/data/threshold_grid.geojson",
        "threshold_duration_hr": 3,
        "threshold_3hr_in": 1.19,
        "note": "Not official RFC Flash Flood Guidance. Derived from local empirical threshold grid for pipeline fallback/testing.",
        "susceptibility": "local empirical threshold"
      },
      "geometry": {
        "type": "Polygon",
        "coordinates": [
          [
            [
              -91.25,
              30.5
            ],
            [
              -91.15,
              30.5
            ],
            [
              -91.15,
              30.6
            ],
            [
              -91.25,
              30.6
            ],
            [
              -91.25,
              30.5
            ]
          ]
        ]
      }
    },
    {
      "type": "Feature",
      "properties": {
        "duration": "3h",
        "threshold_3h_in": 1.93,
        "median_3h_in": 1.93,
        "mean_3h_in": 1.93,
        "weighted_mean_3h_in": 1.93,
        "min_3h_in": 1.93,
        "max_3h_in": 1.93,
        "event_count": 1,
        "threshold_category": "high_sensitivity",
        "qc_flag": "ok",
        "qc_reason": "ok",
        "used_for_surface": true,
        "threshold_in": 1.93,
        "median_in": 1.93,
        "mean_in": 1.93,
        "weighted_mean_in": 1.93,
        "min_in": 1.93,
        "max_in": 1.93,
        "name": "Local empirical flash flood threshold cell",
        "source": "local_empirical_threshold_fallback",
        "source_url": "https://raw.githubusercontent.com/mefferso/Flash-Flood-Guidance-Map/main/docs/data/threshold_grid.geojson",
        "threshold_duration_hr": 3,
        "threshold_3hr_in": 1.93,
        "note": "Not official RFC Flash Flood Guidance. Derived from local empirical threshold grid for pipeline fallback/testing.",
        "susceptibility": "local empirical threshold"
      },
      "geometry": {
        "type": "Polygon",
        "coordinates": [
          [
            [
              -91.10000000000001,
              30.5
            ],
            [
              -91.00000000000001,
              30.5
            ],
            [
              -91.00000000000001,
              30.6
            ],
            [
              -91.10000000000001,
              30.6
            ],
            [
              -91.10000000000001,
              30.5
            ]
          ]
        ]
      }
    },
    {
      "type": "Feature",
      "properties": {
        "duration": "3h",
        "threshold_3h_in": 1.17,
        "median_3h_in": 1.17,
        "mean_3h_in": 1.17,
        "weighted_mean_3h_in": 1.17,
        "min_3h_in": 0.37,
        "max_3h_in": 1.97,
        "event_count": 2,
        "threshold_category": "high_sensitivity",
        "qc_flag": "suspect_threshold",
        "qc_reason": "3h threshold below 1.20 inch",
        "used_for_surface": false,
        "threshold_in": 1.17,
        "median_in": 1.17,
        "mean_in": 1.17,
        "weighted_mean_in": 1.17,
        "min_in": 0.37,
        "max_in": 1.97,
        "name": "Local empirical flash flood threshold cell",
        "source": "local_empirical_threshold_fallback",
        "source_url": "https://raw.githubusercontent.com/mefferso/Flash-Flood-Guidance-Map/main/docs/data/threshold_grid.geojson",
        "threshold_duration_hr": 3,
        "threshold_3hr_in": 1.17,
        "note": "Not official RFC Flash Flood Guidance. Derived from local empirical threshold grid for pipeline fallback/testing.",
        "susceptibility": "local empirical threshold"
      },
      "geometry": {
        "type": "Polygon",
        "coordinates": [
          [
            [
              -91.05,
              30.5
            ],
            [
              -90.95,
              30.5
            ],
            [
              -90.95,
              30.6
            ],
            [
              -91.05,
              30.6
            ],
            [
              -91.05,
              30.5
            ]
          ]
        ]
      }
    },
    {
      "type": "Feature",
      "properties": {
        "duration": "3h",
        "threshold_3h_in": 0.43,
        "median_3h_in": 0.43,
        "mean_3h_in": 0.43,
        "weighted_mean_3h_in": 0.43,
        "min_3h_in": 0.43,
        "max_3h_in": 0.43,
        "event_count": 1,
        "threshold_category": "high_sensitivity",
        "qc_flag": "suspect_threshold",
        "qc_reason": "3h threshold below 1.20 inch",
        "used_for_surface": false,
        "threshold_in": 0.43,
        "median_in": 0.43,
        "mean_in": 0.43,
        "weighted_mean_in": 0.43,
        "min_in": 0.43,
        "max_in": 0.43,
        "name": "Local empirical flash flood threshold cell",
        "source": "local_empirical_threshold_fallback",
        "source_url": "https://raw.githubusercontent.com/mefferso/Flash-Flood-Guidance-Map/main/docs/data/threshold_grid.geojson",
        "threshold_duration_hr": 3,
        "threshold_3hr_in": 0.43,
        "note": "Not official RFC Flash Flood Guidance. Derived from local empirical threshold grid for pipeline fallback/testing.",
        "susceptibility": "local empirical threshold"
      },
      "geometry": {
        "type": "Polygon",
        "coordinates": [
          [
            [
              -91.0,
              30.5
            ],
            [
              -90.9,
              30.5
            ],
            [
              -90.9,
              30.6
            ],
            [
              -91.0,
              30.6
            ],
            [
              -91.0,
              30.5
            ]
          ]
        ]
      }
    },
    {
      "type": "Feature",
      "properties": {
        "duration": "3h",
        "threshold_3h_in": 0.02,
        "median_3h_in": 0.02,
        "mean_3h_in": 0.02,
        "weighted_mean_3h_in": 0.02,
        "min_3h_in": 0.02,
        "max_3h_in": 0.02,
        "event_count": 1,
        "threshold_category": "high_sensitivity",
        "qc_flag": "suspect_threshold",
        "qc_reason": "3h threshold below 1.20 inch",
        "used_for_surface": false,
        "threshold_in": 0.02,
        "median_in": 0.02,
        "mean_in": 0.02,
        "weighted_mean_in": 0.02,
        "min_in": 0.02,
        "max_in": 0.02,
        "name": "Local empirical flash flood threshold cell",
        "source": "local_empirical_threshold_fallback",
        "source_url": "https://raw.githubusercontent.com/mefferso/Flash-Flood-Guidance-Map/main/docs/data/threshold_grid.geojson",
        "threshold_duration_hr": 3,
        "threshold_3hr_in": 0.02,
        "note": "Not official RFC Flash Flood Guidance. Derived from local empirical threshold grid for pipeline fallback/testing.",
        "susceptibility": "local empirical threshold"
      },
      "geometry": {
        "type": "Polygon",
        "coordinates": [
          [
            [
              -90.9,
              30.5
            ],
            [
              -90.80000000000001,
              30.5
            ],
            [
              -90.80000000000001,
              30.6
            ],
            [
              -90.9,
              30.6
            ],
            [
              -90.9,
              30.5
            ]
          ]
        ]
      }
    },
    {
      "type": "Feature",
      "properties": {
        "duration": "3h",
        "threshold_3h_in": 2.47,
        "median_3h_in": 2.47,
        "mean_3h_in": 2.47,
        "weighted_mean_3h_in": 2.47,
        "min_3h_in": 2.47,
        "max_3h_in": 2.47,
        "event_count": 1,
        "threshold_category": "moderate_sensitivity",
        "qc_flag": "ok",
        "qc_reason": "ok",
        "used_for_surface": true,
        "threshold_in": 2.47,
        "median_in": 2.47,
        "mean_in": 2.47,
        "weighted_mean_in": 2.47,
        "min_in": 2.47,
        "max_in": 2.47,
        "name": "Local empirical flash flood threshold cell",
        "source": "local_empirical_threshold_fallback",
        "source_url": "https://raw.githubusercontent.com/mefferso/Flash-Flood-Guidance-Map/main/docs/data/threshold_grid.geojson",
        "threshold_duration_hr": 3,
        "threshold_3hr_in": 2.47,
        "note": "Not official RFC Flash Flood Guidance. Derived from local empirical threshold grid for pipeline fallback/testing.",
        "susceptibility": "local empirical threshold"
      },
      "geometry": {
        "type": "Polygon",
        "coordinates": [
          [
            [
              -90.65,
              30.5
            ],
            [
              -90.55000000000001,
              30.5
            ],
            [
              -90.55000000000001,
              30.6
            ],
            [
              -90.65,
              30.6
            ],
            [
              -90.65,
              30.5
            ]
          ]
        ]
      }
    },
    {
      "type": "Feature",
      "properties": {
        "duration": "3h",
        "threshold_3h_in": 2.69,
        "median_3h_in": 2.69,
        "mean_3h_in": 2.69,
        "weighted_mean_3h_in": 2.69,
        "min_3h_in": 2.69,
        "max_3h_in": 2.69,
        "event_count": 1,
        "threshold_category": "moderate_sensitivity",
        "qc_flag": "ok",
        "qc_reason": "ok",
        "used_for_surface": true,
        "threshold_in": 2.69,
        "median_in": 2.69,
        "mean_in": 2.69,
        "weighted_mean_in": 2.69,
        "min_in": 2.69,
        "max_in": 2.69,
        "name": "Local empirical flash flood threshold cell",
        "source": "local_empirical_threshold_fallback",
        "source_url": "https://raw.githubusercontent.com/mefferso/Flash-Flood-Guidance-Map/main/docs/data/threshold_grid.geojson",
        "threshold_duration_hr": 3,
        "threshold_3hr_in": 2.69,
        "note": "Not official RFC Flash Flood Guidance. Derived from local empirical threshold grid for pipeline fallback/testing.",
        "susceptibility": "local empirical threshold"
      },
      "geometry": {
        "type": "Polygon",
        "coordinates": [
          [
            [
              -90.60000000000001,
              30.5
            ],
            [
              -90.50000000000001,
              30.5
            ],
            [
              -90.50000000000001,
              30.6
            ],
            [
              -90.60000000000001,
              30.6
            ],
            [
              -90.60000000000001,
              30.5
            ]
          ]
        ]
      }
    },
    {
      "type": "Feature",
      "properties": {
        "duration": "3h",
        "threshold_3h_in": 2.54,
        "median_3h_in": 2.54,
        "mean_3h_in": 2.54,
        "weighted_mean_3h_in": 2.54,
        "min_3h_in": 2.54,
        "max_3h_in": 2.54,
        "event_count": 1,
        "threshold_category": "moderate_sensitivity",
        "qc_flag": "ok",
        "qc_reason": "ok",
        "used_for_surface": true,
        "threshold_in": 2.54,
        "median_in": 2.54,
        "mean_in": 2.54,
        "weighted_mean_in": 2.54,
        "min_in": 2.54,
        "max_in": 2.54,
        "name": "Local empirical flash flood threshold cell",
        "source": "local_empirical_threshold_fallback",
        "source_url": "https://raw.githubusercontent.com/mefferso/Flash-Flood-Guidance-Map/main/docs/data/threshold_grid.geojson",
        "threshold_duration_hr": 3,
        "threshold_3hr_in": 2.54,
        "note": "Not official RFC Flash Flood Guidance. Derived from local empirical threshold grid for pipeline fallback/testing.",
        "susceptibility": "local empirical threshold"
      },
      "geometry": {
        "type": "Polygon",
        "coordinates": [
          [
            [
              -90.25,
              30.5
            ],
            [
              -90.15,
              30.5
            ],
            [
              -90.15,
              30.6
            ],
            [
              -90.25,
              30.6
            ],
            [
              -90.25,
              30.5
            ]
          ]
        ]
      }
    },
    {
      "type": "Feature",
      "properties": {
        "duration": "3h",
        "threshold_3h_in": 1.17,
        "median_3h_in": 1.17,
        "mean_3h_in": 1.17,
        "weighted_mean_3h_in": 1.17,
        "min_3h_in": 1.17,
        "max_3h_in": 1.17,
        "event_count": 1,
        "threshold_category": "high_sensitivity",
        "qc_flag": "suspect_threshold",
        "qc_reason": "3h threshold below 1.20 inch",
        "used_for_surface": false,
        "threshold_in": 1.17,
        "median_in": 1.17,
        "mean_in": 1.17,
        "weighted_mean_in": 1.17,
        "min_in": 1.17,
        "max_in": 1.17,
        "name": "Local empirical flash flood threshold cell",
        "source": "local_empirical_threshold_fallback",
        "source_url": "https://raw.githubusercontent.com/mefferso/Flash-Flood-Guidance-Map/main/docs/data/threshold_grid.geojson",
        "threshold_duration_hr": 3,
        "threshold_3hr_in": 1.17,
        "note": "Not official RFC Flash Flood Guidance. Derived from local empirical threshold grid for pipeline fallback/testing.",
        "susceptibility": "local empirical threshold"
      },
      "geometry": {
        "type": "Polygon",
        "coordinates": [
          [
            [
              -90.10000000000001,
              30.5
            ],
            [
              -90.00000000000001,
              30.5
            ],
            [
              -90.00000000000001,
              30.6
            ],
            [
              -90.10000000000001,
              30.6
            ],
            [
              -90.10000000000001,
              30.5
            ]
          ]
        ]
      }
    },
    {
      "type": "Feature",
      "properties": {
        "duration": "3h",
        "threshold_3h_in": 0.89,
        "median_3h_in": 0.89,
        "mean_3h_in": 0.89,
        "weighted_mean_3h_in": 0.89,
        "min_3h_in": 0.89,
        "max_3h_in": 0.89,
        "event_count": 1,
        "threshold_category": "high_sensitivity",
        "qc_flag": "suspect_threshold",
        "qc_reason": "3h threshold below 1.20 inch",
        "used_for_surface": false,
        "threshold_in": 0.89,
        "median_in": 0.89,
        "mean_in": 0.89,
        "weighted_mean_in": 0.89,
        "min_in": 0.89,
        "max_in": 0.89,
        "name": "Local empirical flash flood threshold cell",
        "source": "local_empirical_threshold_fallback",
        "source_url": "https://raw.githubusercontent.com/mefferso/Flash-Flood-Guidance-Map/main/docs/data/threshold_grid.geojson",
        "threshold_duration_hr": 3,
        "threshold_3hr_in": 0.89,
        "note": "Not official RFC Flash Flood Guidance. Derived from local empirical threshold grid for pipeline fallback/testing.",
        "susceptibility": "local empirical threshold"
      },
      "geometry": {
        "type": "Polygon",
        "coordinates": [
          [
            [
              -89.75,
              30.5
            ],
            [
              -89.65,
              30.5
            ],
            [
              -89.65,
              30.6
            ],
            [
              -89.75,
              30.6
            ],
            [
              -89.75,
              30.5
            ]
          ]
        ]
      }
    },
    {
      "type": "Feature",
      "properties": {
        "duration": "3h",
        "threshold_3h_in": 2.03,
        "median_3h_in": 2.03,
        "mean_3h_in": 2.03,
        "weighted_mean_3h_in": 2.03,
        "min_3h_in": 1.81,
        "max_3h_in": 2.25,
        "event_count": 2,
        "threshold_category": "moderate_sensitivity",
        "qc_flag": "ok",
        "qc_reason": "ok",
        "used_for_surface": true,
        "threshold_in": 2.03,
        "median_in": 2.03,
        "mean_in": 2.03,
        "weighted_mean_in": 2.03,
        "min_in": 1.81,
        "max_in": 2.25,
        "name": "Local empirical flash flood threshold cell",
        "source": "local_empirical_threshold_fallback",
        "source_url": "https://raw.githubusercontent.com/mefferso/Flash-Flood-Guidance-Map/main/docs/data/threshold_grid.geojson",
        "threshold_duration_hr": 3,
        "threshold_3hr_in": 2.03,
        "note": "Not official RFC Flash Flood Guidance. Derived from local empirical threshold grid for pipeline fallback/testing.",
        "susceptibility": "local empirical threshold"
      },
      "geometry": {
        "type": "Polygon",
        "coordinates": [
          [
            [
              -89.2,
              30.5
            ],
            [
              -89.10000000000001,
              30.5
            ],
            [
              -89.10000000000001,
              30.6
            ],
            [
              -89.2,
              30.6
            ],
            [
              -89.2,
              30.5
            ]
          ]
        ]
      }
    },
    {
      "type": "Feature",
      "properties": {
        "duration": "3h",
        "threshold_3h_in": 3.83,
        "median_3h_in": 3.83,
        "mean_3h_in": 3.83,
        "weighted_mean_3h_in": 3.83,
        "min_3h_in": 3.83,
        "max_3h_in": 3.83,
        "event_count": 1,
        "threshold_category": "lower_sensitivity",
        "qc_flag": "ok",
        "qc_reason": "ok",
        "used_for_surface": true,
        "threshold_in": 3.83,
        "median_in": 3.83,
        "mean_in": 3.83,
        "weighted_mean_in": 3.83,
        "min_in": 3.83,
        "max_in": 3.83,
        "name": "Local empirical flash flood threshold cell",
        "source": "local_empirical_threshold_fallback",
        "source_url": "https://raw.githubusercontent.com/mefferso/Flash-Flood-Guidance-Map/main/docs/data/threshold_grid.geojson",
        "threshold_duration_hr": 3,
        "threshold_3hr_in": 3.83,
        "note": "Not official RFC Flash Flood Guidance. Derived from local empirical threshold grid for pipeline fallback/testing.",
        "susceptibility": "local empirical threshold"
      },
      "geometry": {
        "type": "Polygon",
        "coordinates": [
          [
            [
              -88.7,
              30.5
            ],
            [
              -88.60000000000001,
              30.5
            ],
            [
              -88.60000000000001,
              30.6
            ],
            [
              -88.7,
              30.6
            ],
            [
              -88.7,
              30.5
            ]
          ]
        ]
      }
    },
    {
      "type": "Feature",
      "properties": {
        "duration": "3h",
        "threshold_3h_in": 3.3,
        "median_3h_in": 3.3,
        "mean_3h_in": 3.3,
        "weighted_mean_3h_in": 3.3,
        "min_3h_in": 3.3,
        "max_3h_in": 3.3,
        "event_count": 1,
        "threshold_category": "lower_sensitivity",
        "qc_flag": "ok",
        "qc_reason": "ok",
        "used_for_surface": true,
        "threshold_in": 3.3,
        "median_in": 3.3,
        "mean_in": 3.3,
        "weighted_mean_in": 3.3,
        "min_in": 3.3,
        "max_in": 3.3,
        "name": "Local empirical flash flood threshold cell",
        "source": "local_empirical_threshold_fallback",
        "source_url": "https://raw.githubusercontent.com/mefferso/Flash-Flood-Guidance-Map/main/docs/data/threshold_grid.geojson",
        "threshold_duration_hr": 3,
        "threshold_3hr_in": 3.3,
        "note": "Not official RFC Flash Flood Guidance. Derived from local empirical threshold grid for pipeline fallback/testing.",
        "susceptibility": "local empirical threshold"
      },
      "geometry": {
        "type": "Polygon",
        "coordinates": [
          [
            [
              -90.35000000000001,
              30.55
            ],
            [
              -90.25000000000001,
              30.55
            ],
            [
              -90.25000000000001,
              30.650000000000002
            ],
            [
              -90.35000000000001,
              30.650000000000002
            ],
            [
              -90.35000000000001,
              30.55
            ]
          ]
        ]
      }
    },
    {
      "type": "Feature",
      "properties": {
        "duration": "3h",
        "threshold_3h_in": 4.8,
        "median_3h_in": 4.8,
        "mean_3h_in": 4.8,
        "weighted_mean_3h_in": 4.8,
        "min_3h_in": 4.8,
        "max_3h_in": 4.8,
        "event_count": 1,
        "threshold_category": "least_sensitive",
        "qc_flag": "ok",
        "qc_reason": "ok",
        "used_for_surface": true,
        "threshold_in": 4.8,
        "median_in": 4.8,
        "mean_in": 4.8,
        "weighted_mean_in": 4.8,
        "min_in": 4.8,
        "max_in": 4.8,
        "name": "Local empirical flash flood threshold cell",
        "source": "local_empirical_threshold_fallback",
        "source_url": "https://raw.githubusercontent.com/mefferso/Flash-Flood-Guidance-Map/main/docs/data/threshold_grid.geojson",
        "threshold_duration_hr": 3,
        "threshold_3hr_in": 4.8,
        "note": "Not official RFC Flash Flood Guidance. Derived from local empirical threshold grid for pipeline fallback/testing.",
        "susceptibility": "local empirical threshold"
      },
      "geometry": {
        "type": "Polygon",
        "coordinates": [
          [
            [
              -91.4,
              30.6
            ],
            [
              -91.30000000000001,
              30.6
            ],
            [
              -91.30000000000001,
              30.700000000000003
            ],
            [
              -91.4,
              30.700000000000003
            ],
            [
              -91.4,
              30.6
            ]
          ]
        ]
      }
    },
    {
      "type": "Feature",
      "properties": {
        "duration": "3h",
        "threshold_3h_in": 2.89,
        "median_3h_in": 2.89,
        "mean_3h_in": 2.89,
        "weighted_mean_3h_in": 2.89,
        "min_3h_in": 2.89,
        "max_3h_in": 2.89,
        "event_count": 1,
        "threshold_category": "moderate_sensitivity",
        "qc_flag": "ok",
        "qc_reason": "ok",
        "used_for_surface": true,
        "threshold_in": 2.89,
        "median_in": 2.89,
        "mean_in": 2.89,
        "weighted_mean_in": 2.89,
        "min_in": 2.89,
        "max_in": 2.89,
        "name": "Local empirical flash flood threshold cell",
        "source": "local_empirical_threshold_fallback",
        "source_url": "https://raw.githubusercontent.com/mefferso/Flash-Flood-Guidance-Map/main/docs/data/threshold_grid.geojson",
        "threshold_duration_hr": 3,
        "threshold_3hr_in": 2.89,
        "note": "Not official RFC Flash Flood Guidance. Derived from local empirical threshold grid for pipeline fallback/testing.",
        "susceptibility": "local empirical threshold"
      },
      "geometry": {
        "type": "Polygon",
        "coordinates": [
          [
            [
              -91.3,
              30.6
            ],
            [
              -91.2,
              30.6
            ],
            [
              -91.2,
              30.700000000000003
            ],
            [
              -91.3,
              30.700000000000003
            ],
            [
              -91.3,
              30.6
            ]
          ]
        ]
      }
    },
    {
      "type": "Feature",
      "properties": {
        "duration": "3h",
        "threshold_3h_in": 1.35,
        "median_3h_in": 1.35,
        "mean_3h_in": 1.35,
        "weighted_mean_3h_in": 1.35,
        "min_3h_in": 1.35,
        "max_3h_in": 1.35,
        "event_count": 1,
        "threshold_category": "high_sensitivity",
        "qc_flag": "ok",
        "qc_reason": "ok",
        "used_for_surface": true,
        "threshold_in": 1.35,
        "median_in": 1.35,
        "mean_in": 1.35,
        "weighted_mean_in": 1.35,
        "min_in": 1.35,
        "max_in": 1.35,
        "name": "Local empirical flash flood threshold cell",
        "source": "local_empirical_threshold_fallback",
        "source_url": "https://raw.githubusercontent.com/mefferso/Flash-Flood-Guidance-Map/main/docs/data/threshold_grid.geojson",
        "threshold_duration_hr": 3,
        "threshold_3hr_in": 1.35,
        "note": "Not official RFC Flash Flood Guidance. Derived from local empirical threshold grid for pipeline fallback/testing.",
        "susceptibility": "local empirical threshold"
      },
      "geometry": {
        "type": "Polygon",
        "coordinates": [
          [
            [
              -90.95,
              30.6
            ],
            [
              -90.85000000000001,
              30.6
            ],
            [
              -90.85000000000001,
              30.700000000000003
            ],
            [
              -90.95,
              30.700000000000003
            ],
            [
              -90.95,
              30.6
            ]
          ]
        ]
      }
    },
    {
      "type": "Feature",
      "properties": {
        "duration": "3h",
        "threshold_3h_in": 2.82,
        "median_3h_in": 2.82,
        "mean_3h_in": 2.82,
        "weighted_mean_3h_in": 2.82,
        "min_3h_in": 2.82,
        "max_3h_in": 2.82,
        "event_count": 1,
        "threshold_category": "moderate_sensitivity",
        "qc_flag": "ok",
        "qc_reason": "ok",
        "used_for_surface": true,
        "threshold_in": 2.82,
        "median_in": 2.82,
        "mean_in": 2.82,
        "weighted_mean_in": 2.82,
        "min_in": 2.82,
        "max_in": 2.82,
        "name": "Local empirical flash flood threshold cell",
        "source": "local_empirical_threshold_fallback",
        "source_url": "https://raw.githubusercontent.com/mefferso/Flash-Flood-Guidance-Map/main/docs/data/threshold_grid.geojson",
        "threshold_duration_hr": 3,
        "threshold_3hr_in": 2.82,
        "note": "Not official RFC Flash Flood Guidance. Derived from local empirical threshold grid for pipeline fallback/testing.",
        "susceptibility": "local empirical threshold"
      },
      "geometry": {
        "type": "Polygon",
        "coordinates": [
          [
            [
              -90.45,
              30.6
            ],
            [
              -90.35000000000001,
              30.6
            ],
            [
              -90.35000000000001,
              30.700000000000003
            ],
            [
              -90.45,
              30.700000000000003
            ],
            [
              -90.45,
              30.6
            ]
          ]
        ]
      }
    },
    {
      "type": "Feature",
      "properties": {
        "duration": "3h",
        "threshold_3h_in": 3.35,
        "median_3h_in": 3.35,
        "mean_3h_in": 3.35,
        "weighted_mean_3h_in": 3.35,
        "min_3h_in": 3.35,
        "max_3h_in": 3.35,
        "event_count": 1,
        "threshold_category": "lower_sensitivity",
        "qc_flag": "ok",
        "qc_reason": "ok",
        "used_for_surface": true,
        "threshold_in": 3.35,
        "median_in": 3.35,
        "mean_in": 3.35,
        "weighted_mean_in": 3.35,
        "min_in": 3.35,
        "max_in": 3.35,
        "name": "Local empirical flash flood threshold cell",
        "source": "local_empirical_threshold_fallback",
        "source_url": "https://raw.githubusercontent.com/mefferso/Flash-Flood-Guidance-Map/main/docs/data/threshold_grid.geojson",
        "threshold_duration_hr": 3,
        "threshold_3hr_in": 3.35,
        "note": "Not official RFC Flash Flood Guidance. Derived from local empirical threshold grid for pipeline fallback/testing.",
        "susceptibility": "local empirical threshold"
      },
      "geometry": {
        "type": "Polygon",
        "coordinates": [
          [
            [
              -90.3,
              30.6
            ],
            [
              -90.2,
              30.6
            ],
            [
              -90.2,
              30.700000000000003
            ],
            [
              -90.3,
              30.700000000000003
            ],
            [
              -90.3,
              30.6
            ]
          ]
        ]
      }
    },
    {
      "type": "Feature",
      "properties": {
        "duration": "3h",
        "threshold_3h_in": 2.32,
        "median_3h_in": 2.32,
        "mean_3h_in": 2.32,
        "weighted_mean_3h_in": 2.32,
        "min_3h_in": 2.32,
        "max_3h_in": 2.32,
        "event_count": 1,
        "threshold_category": "moderate_sensitivity",
        "qc_flag": "ok",
        "qc_reason": "ok",
        "used_for_surface": true,
        "threshold_in": 2.32,
        "median_in": 2.32,
        "mean_in": 2.32,
        "weighted_mean_in": 2.32,
        "min_in": 2.32,
        "max_in": 2.32,
        "name": "Local empirical flash flood threshold cell",
        "source": "local_empirical_threshold_fallback",
        "source_url": "https://raw.githubusercontent.com/mefferso/Flash-Flood-Guidance-Map/main/docs/data/threshold_grid.geojson",
        "threshold_duration_hr": 3,
        "threshold_3hr_in": 2.32,
        "note": "Not official RFC Flash Flood Guidance. Derived from local empirical threshold grid for pipeline fallback/testing.",
        "susceptibility": "local empirical threshold"
      },
      "geometry": {
        "type": "Polygon",
        "coordinates": [
          [
            [
              -90.2,
              30.6
            ],
            [
              -90.10000000000001,
              30.6
            ],
            [
              -90.10000000000001,
              30.700000000000003
            ],
            [
              -90.2,
              30.700000000000003
            ],
            [
              -90.2,
              30.6
            ]
          ]
        ]
      }
    },
    {
      "type": "Feature",
      "properties": {
        "duration": "3h",
        "threshold_3h_in": 2.46,
        "median_3h_in": 2.46,
        "mean_3h_in": 2.46,
        "weighted_mean_3h_in": 2.46,
        "min_3h_in": 2.46,
        "max_3h_in": 2.46,
        "event_count": 1,
        "threshold_category": "moderate_sensitivity",
        "qc_flag": "ok",
        "qc_reason": "ok",
        "used_for_surface": true,
        "threshold_in": 2.46,
        "median_in": 2.46,
        "mean_in": 2.46,
        "weighted_mean_in": 2.46,
        "min_in": 2.46,
        "max_in": 2.46,
        "name": "Local empirical flash flood threshold cell",
        "source": "local_empirical_threshold_fallback",
        "source_url": "https://raw.githubusercontent.com/mefferso/Flash-Flood-Guidance-Map/main/docs/data/threshold_grid.geojson",
        "threshold_duration_hr": 3,
        "threshold_3hr_in": 2.46,
        "note": "Not official RFC Flash Flood Guidance. Derived from local empirical threshold grid for pipeline fallback/testing.",
        "susceptibility": "local empirical threshold"
      },
      "geometry": {
        "type": "Polygon",
        "coordinates": [
          [
            [
              -89.25,
              30.6
            ],
            [
              -89.15,
              30.6
            ],
            [
              -89.15,
              30.700000000000003
            ],
            [
              -89.25,
              30.700000000000003
            ],
            [
              -89.25,
              30.6
            ]
          ]
        ]
      }
    },
    {
      "type": "Feature",
      "properties": {
        "duration": "3h",
        "threshold_3h_in": 3.43,
        "median_3h_in": 3.43,
        "mean_3h_in": 3.43,
        "weighted_mean_3h_in": 3.43,
        "min_3h_in": 3.43,
        "max_3h_in": 3.43,
        "event_count": 1,
        "threshold_category": "lower_sensitivity",
        "qc_flag": "ok",
        "qc_reason": "ok",
        "used_for_surface": true,
        "threshold_in": 3.43,
        "median_in": 3.43,
        "mean_in": 3.43,
        "weighted_mean_in": 3.43,
        "min_in": 3.43,
        "max_in": 3.43,
        "name": "Local empirical flash flood threshold cell",
        "source": "local_empirical_threshold_fallback",
        "source_url": "https://raw.githubusercontent.com/mefferso/Flash-Flood-Guidance-Map/main/docs/data/threshold_grid.geojson",
        "threshold_duration_hr": 3,
        "threshold_3hr_in": 3.43,
        "note": "Not official RFC Flash Flood Guidance. Derived from local empirical threshold grid for pipeline fallback/testing.",
        "susceptibility": "local empirical threshold"
      },
      "geometry": {
        "type": "Polygon",
        "coordinates": [
          [
            [
              -89.15,
              30.6
            ],
            [
              -89.05000000000001,
              30.6
            ],
            [
              -89.05000000000001,
              30.700000000000003
            ],
            [
              -89.15,
              30.700000000000003
            ],
            [
              -89.15,
              30.6
            ]
          ]
        ]
      }
    },
    {
      "type": "Feature",
      "properties": {
        "duration": "3h",
        "threshold_3h_in": 1.76,
        "median_3h_in": 1.76,
        "mean_3h_in": 1.76,
        "weighted_mean_3h_in": 1.76,
        "min_3h_in": 1.76,
        "max_3h_in": 1.76,
        "event_count": 1,
        "threshold_category": "high_sensitivity",
        "qc_flag": "ok",
        "qc_reason": "ok",
        "used_for_surface": true,
        "threshold_in": 1.76,
        "median_in": 1.76,
        "mean_in": 1.76,
        "weighted_mean_in": 1.76,
        "min_in": 1.76,
        "max_in": 1.76,
        "name": "Local empirical flash flood threshold cell",
        "source": "local_empirical_threshold_fallback",
        "source_url": "https://raw.githubusercontent.com/mefferso/Flash-Flood-Guidance-Map/main/docs/data/threshold_grid.geojson",
        "threshold_duration_hr": 3,
        "threshold_3hr_in": 1.76,
        "note": "Not official RFC Flash Flood Guidance. Derived from local empirical threshold grid for pipeline fallback/testing.",
        "susceptibility": "local empirical threshold"
      },
      "geometry": {
        "type": "Polygon",
        "coordinates": [
          [
            [
              -88.65,
              30.6
            ],
            [
              -88.55000000000001,
              30.6
            ],
            [
              -88.55000000000001,
              30.700000000000003
            ],
            [
              -88.65,
              30.700000000000003
            ],
            [
              -88.65,
              30.6
            ]
          ]
        ]
      }
    },
    {
      "type": "Feature",
      "properties": {
        "duration": "3h",
        "threshold_3h_in": 5.39,
        "median_3h_in": 5.39,
        "mean_3h_in": 5.39,
        "weighted_mean_3h_in": 5.39,
        "min_3h_in": 5.39,
        "max_3h_in": 5.39,
        "event_count": 1,
        "threshold_category": "least_sensitive",
        "qc_flag": "ok",
        "qc_reason": "ok",
        "used_for_surface": true,
        "threshold_in": 5.39,
        "median_in": 5.39,
        "mean_in": 5.39,
        "weighted_mean_in": 5.39,
        "min_in": 5.39,
        "max_in": 5.39,
        "name": "Local empirical flash flood threshold cell",
        "source": "local_empirical_threshold_fallback",
        "source_url": "https://raw.githubusercontent.com/mefferso/Flash-Flood-Guidance-Map/main/docs/data/threshold_grid.geojson",
        "threshold_duration_hr": 3,
        "threshold_3hr_in": 5.39,
        "note": "Not official RFC Flash Flood Guidance. Derived from local empirical threshold grid for pipeline fallback/testing.",
        "susceptibility": "local empirical threshold"
      },
      "geometry": {
        "type": "Polygon",
        "coordinates": [
          [
            [
              -88.60000000000001,
              30.6
            ],
            [
              -88.50000000000001,
              30.6
            ],
            [
              -88.50000000000001,
              30.700000000000003
            ],
            [
              -88.60000000000001,
              30.700000000000003
            ],
            [
              -88.60000000000001,
              30.6
            ]
          ]
        ]
      }
    },
    {
      "type": "Feature",
      "properties": {
        "duration": "3h",
        "threshold_3h_in": 4.79,
        "median_3h_in": 4.79,
        "mean_3h_in": 4.79,
        "weighted_mean_3h_in": 4.79,
        "min_3h_in": 4.79,
        "max_3h_in": 4.79,
        "event_count": 1,
        "threshold_category": "least_sensitive",
        "qc_flag": "ok",
        "qc_reason": "ok",
        "used_for_surface": true,
        "threshold_in": 4.79,
        "median_in": 4.79,
        "mean_in": 4.79,
        "weighted_mean_in": 4.79,
        "min_in": 4.79,
        "max_in": 4.79,
        "name": "Local empirical flash flood threshold cell",
        "source": "local_empirical_threshold_fallback",
        "source_url": "https://raw.githubusercontent.com/mefferso/Flash-Flood-Guidance-Map/main/docs/data/threshold_grid.geojson",
        "threshold_duration_hr": 3,
        "threshold_3hr_in": 4.79,
        "note": "Not official RFC Flash Flood Guidance. Derived from local empirical threshold grid for pipeline fallback/testing.",
        "susceptibility": "local empirical threshold"
      },
      "geometry": {
        "type": "Polygon",
        "coordinates": [
          [
            [
              -88.55,
              30.6
            ],
            [
              -88.45,
              30.6
            ],
            [
              -88.45,
              30.700000000000003
            ],
            [
              -88.55,
              30.700000000000003
            ],
            [
              -88.55,
              30.6
            ]
          ]
        ]
      }
    },
    {
      "type": "Feature",
      "properties": {
        "duration": "3h",
        "threshold_3h_in": 4.56,
        "median_3h_in": 4.56,
        "mean_3h_in": 4.27,
        "weighted_mean_3h_in": 4.27,
        "min_3h_in": 2.22,
        "max_3h_in": 5.72,
        "event_count": 4,
        "threshold_category": "least_sensitive",
        "qc_flag": "ok",
        "qc_reason": "ok",
        "used_for_surface": true,
        "threshold_in": 4.56,
        "median_in": 4.56,
        "mean_in": 4.27,
        "weighted_mean_in": 4.27,
        "min_in": 2.22,
        "max_in": 5.72,
        "name": "Local empirical flash flood threshold cell",
        "source": "local_empirical_threshold_fallback",
        "source_url": "https://raw.githubusercontent.com/mefferso/Flash-Flood-Guidance-Map/main/docs/data/threshold_grid.geojson",
        "threshold_duration_hr": 3,
        "threshold_3hr_in": 4.56,
        "note": "Not official RFC Flash Flood Guidance. Derived from local empirical threshold grid for pipeline fallback/testing.",
        "susceptibility": "local empirical threshold"
      },
      "geometry": {
        "type": "Polygon",
        "coordinates": [
          [
            [
              -91.3,
              30.650000000000002
            ],
            [
              -91.2,
              30.650000000000002
            ],
            [
              -91.2,
              30.750000000000004
            ],
            [
              -91.3,
              30.750000000000004
            ],
            [
              -91.3,
              30.650000000000002
            ]
          ]
        ]
      }
    },
    {
      "type": "Feature",
      "properties": {
        "duration": "3h",
        "threshold_3h_in": 4.22,
        "median_3h_in": 4.22,
        "mean_3h_in": 4.22,
        "weighted_mean_3h_in": 4.22,
        "min_3h_in": 4.22,
        "max_3h_in": 4.22,
        "event_count": 1,
        "threshold_category": "least_sensitive",
        "qc_flag": "ok",
        "qc_reason": "ok",
        "used_for_surface": true,
        "threshold_in": 4.22,
        "median_in": 4.22,
        "mean_in": 4.22,
        "weighted_mean_in": 4.22,
        "min_in": 4.22,
        "max_in": 4.22,
        "name": "Local empirical flash flood threshold cell",
        "source": "local_empirical_threshold_fallback",
        "source_url": "https://raw.githubusercontent.com/mefferso/Flash-Flood-Guidance-Map/main/docs/data/threshold_grid.geojson",
        "threshold_duration_hr": 3,
        "threshold_3hr_in": 4.22,
        "note": "Not official RFC Flash Flood Guidance. Derived from local empirical threshold grid for pipeline fallback/testing.",
        "susceptibility": "local empirical threshold"
      },
      "geometry": {
        "type": "Polygon",
        "coordinates": [
          [
            [
              -90.9,
              30.650000000000002
            ],
            [
              -90.80000000000001,
              30.650000000000002
            ],
            [
              -90.80000000000001,
              30.750000000000004
            ],
            [
              -90.9,
              30.750000000000004
            ],
            [
              -90.9,
              30.650000000000002
            ]
          ]
        ]
      }
    },
    {
      "type": "Feature",
      "properties": {
        "duration": "3h",
        "threshold_3h_in": 2.15,
        "median_3h_in": 2.15,
        "mean_3h_in": 2.15,
        "weighted_mean_3h_in": 2.15,
        "min_3h_in": 2.15,
        "max_3h_in": 2.15,
        "event_count": 1,
        "threshold_category": "moderate_sensitivity",
        "qc_flag": "ok",
        "qc_reason": "ok",
        "used_for_surface": true,
        "threshold_in": 2.15,
        "median_in": 2.15,
        "mean_in": 2.15,
        "weighted_mean_in": 2.15,
        "min_in": 2.15,
        "max_in": 2.15,
        "name": "Local empirical flash flood threshold cell",
        "source": "local_empirical_threshold_fallback",
        "source_url": "https://raw.githubusercontent.com/mefferso/Flash-Flood-Guidance-Map/main/docs/data/threshold_grid.geojson",
        "threshold_duration_hr": 3,
        "threshold_3hr_in": 2.15,
        "note": "Not official RFC Flash Flood Guidance. Derived from local empirical threshold grid for pipeline fallback/testing.",
        "susceptibility": "local empirical threshold"
      },
      "geometry": {
        "type": "Polygon",
        "coordinates": [
          [
            [
              -90.85000000000001,
              30.650000000000002
            ],
            [
              -90.75000000000001,
              30.650000000000002
            ],
            [
              -90.75000000000001,
              30.750000000000004
            ],
            [
              -90.85000000000001,
              30.750000000000004
            ],
            [
              -90.85000000000001,
              30.650000000000002
            ]
          ]
        ]
      }
    },
    {
      "type": "Feature",
      "properties": {
        "duration": "3h",
        "threshold_3h_in": 2.2,
        "median_3h_in": 2.2,
        "mean_3h_in": 2.2,
        "weighted_mean_3h_in": 2.2,
        "min_3h_in": 2.2,
        "max_3h_in": 2.2,
        "event_count": 1,
        "threshold_category": "moderate_sensitivity",
        "qc_flag": "ok",
        "qc_reason": "ok",
        "used_for_surface": true,
        "threshold_in": 2.2,
        "median_in": 2.2,
        "mean_in": 2.2,
        "weighted_mean_in": 2.2,
        "min_in": 2.2,
        "max_in": 2.2,
        "name": "Local empirical flash flood threshold cell",
        "source": "local_empirical_threshold_fallback",
        "source_url": "https://raw.githubusercontent.com/mefferso/Flash-Flood-Guidance-Map/main/docs/data/threshold_grid.geojson",
        "threshold_duration_hr": 3,
        "threshold_3hr_in": 2.2,
        "note": "Not official RFC Flash Flood Guidance. Derived from local empirical threshold grid for pipeline fallback/testing.",
        "susceptibility": "local empirical threshold"
      },
      "geometry": {
        "type": "Polygon",
        "coordinates": [
          [
            [
              -90.3,
              30.650000000000002
            ],
            [
              -90.2,
              30.650000000000002
            ],
            [
              -90.2,
              30.750000000000004
            ],
            [
              -90.3,
              30.750000000000004
            ],
            [
              -90.3,
              30.650000000000002
            ]
          ]
        ]
      }
    },
    {
      "type": "Feature",
      "properties": {
        "duration": "3h",
        "threshold_3h_in": 2.22,
        "median_3h_in": 2.22,
        "mean_3h_in": 2.22,
        "weighted_mean_3h_in": 2.22,
        "min_3h_in": 1.17,
        "max_3h_in": 3.27,
        "event_count": 2,
        "threshold_category": "moderate_sensitivity",
        "qc_flag": "ok",
        "qc_reason": "ok",
        "used_for_surface": true,
        "threshold_in": 2.22,
        "median_in": 2.22,
        "mean_in": 2.22,
        "weighted_mean_in": 2.22,
        "min_in": 1.17,
        "max_in": 3.27,
        "name": "Local empirical flash flood threshold cell",
        "source": "local_empirical_threshold_fallback",
        "source_url": "https://raw.githubusercontent.com/mefferso/Flash-Flood-Guidance-Map/main/docs/data/threshold_grid.geojson",
        "threshold_duration_hr": 3,
        "threshold_3hr_in": 2.22,
        "note": "Not official RFC Flash Flood Guidance. Derived from local empirical threshold grid for pipeline fallback/testing.",
        "susceptibility": "local empirical threshold"
      },
      "geometry": {
        "type": "Polygon",
        "coordinates": [
          [
            [
              -89.9,
              30.650000000000002
            ],
            [
              -89.80000000000001,
              30.650000000000002
            ],
            [
              -89.80000000000001,
              30.750000000000004
            ],
            [
              -89.9,
              30.750000000000004
            ],
            [
              -89.9,
              30.650000000000002
            ]
          ]
        ]
      }
    },
    {
      "type": "Feature",
      "properties": {
        "duration": "3h",
        "threshold_3h_in": 3.34,
        "median_3h_in": 3.34,
        "mean_3h_in": 3.34,
        "weighted_mean_3h_in": 3.34,
        "min_3h_in": 3.34,
        "max_3h_in": 3.34,
        "event_count": 1,
        "threshold_category": "lower_sensitivity",
        "qc_flag": "ok",
        "qc_reason": "ok",
        "used_for_surface": true,
        "threshold_in": 3.34,
        "median_in": 3.34,
        "mean_in": 3.34,
        "weighted_mean_in": 3.34,
        "min_in": 3.34,
        "max_in": 3.34,
        "name": "Local empirical flash flood threshold cell",
        "source": "local_empirical_threshold_fallback",
        "source_url": "https://raw.githubusercontent.com/mefferso/Flash-Flood-Guidance-Map/main/docs/data/threshold_grid.geojson",
        "threshold_duration_hr": 3,
        "threshold_3hr_in": 3.34,
        "note": "Not official RFC Flash Flood Guidance. Derived from local empirical threshold grid for pipeline fallback/testing.",
        "susceptibility": "local empirical threshold"
      },
      "geometry": {
        "type": "Polygon",
        "coordinates": [
          [
            [
              -91.4,
              30.7
            ],
            [
              -91.30000000000001,
              30.7
            ],
            [
              -91.30000000000001,
              30.8
            ],
            [
              -91.4,
              30.8
            ],
            [
              -91.4,
              30.7
            ]
          ]
        ]
      }
    },
    {
      "type": "Feature",
      "properties": {
        "duration": "3h",
        "threshold_3h_in": 6.67,
        "median_3h_in": 6.67,
        "mean_3h_in": 6.67,
        "weighted_mean_3h_in": 6.67,
        "min_3h_in": 6.67,
        "max_3h_in": 6.67,
        "event_count": 1,
        "threshold_category": "least_sensitive",
        "qc_flag": "ok",
        "qc_reason": "ok",
        "used_for_surface": true,
        "threshold_in": 6.67,
        "median_in": 6.67,
        "mean_in": 6.67,
        "weighted_mean_in": 6.67,
        "min_in": 6.67,
        "max_in": 6.67,
        "name": "Local empirical flash flood threshold cell",
        "source": "local_empirical_threshold_fallback",
        "source_url": "https://raw.githubusercontent.com/mefferso/Flash-Flood-Guidance-Map/main/docs/data/threshold_grid.geojson",
        "threshold_duration_hr": 3,
        "threshold_3hr_in": 6.67,
        "note": "Not official RFC Flash Flood Guidance. Derived from local empirical threshold grid for pipeline fallback/testing.",
        "susceptibility": "local empirical threshold"
      },
      "geometry": {
        "type": "Polygon",
        "coordinates": [
          [
            [
              -91.3,
              30.7
            ],
            [
              -91.2,
              30.7
            ],
            [
              -91.2,
              30.8
            ],
            [
              -91.3,
              30.8
            ],
            [
              -91.3,
              30.7
            ]
          ]
        ]
      }
    },
    {
      "type": "Feature",
      "properties": {
        "duration": "3h",
        "threshold_3h_in": 6.35,
        "median_3h_in": 6.35,
        "mean_3h_in": 6.35,
        "weighted_mean_3h_in": 6.35,
        "min_3h_in": 6.35,
        "max_3h_in": 6.35,
        "event_count": 1,
        "threshold_category": "least_sensitive",
        "qc_flag": "ok",
        "qc_reason": "ok",
        "used_for_surface": true,
        "threshold_in": 6.35,
        "median_in": 6.35,
        "mean_in": 6.35,
        "weighted_mean_in": 6.35,
        "min_in": 6.35,
        "max_in": 6.35,
        "name": "Local empirical flash flood threshold cell",
        "source": "local_empirical_threshold_fallback",
        "source_url": "https://raw.githubusercontent.com/mefferso/Flash-Flood-Guidance-Map/main/docs/data/threshold_grid.geojson",
        "threshold_duration_hr": 3,
        "threshold_3hr_in": 6.35,
        "note": "Not official RFC Flash Flood Guidance. Derived from local empirical threshold grid for pipeline fallback/testing.",
        "susceptibility": "local empirical threshold"
      },
      "geometry": {
        "type": "Polygon",
        "coordinates": [
          [
            [
              -91.25,
              30.7
            ],
            [
              -91.15,
              30.7
            ],
            [
              -91.15,
              30.8
            ],
            [
              -91.25,
              30.8
            ],
            [
              -91.25,
              30.7
            ]
          ]
        ]
      }
    },
    {
      "type": "Feature",
      "properties": {
        "duration": "3h",
        "threshold_3h_in": 2.62,
        "median_3h_in": 2.62,
        "mean_3h_in": 2.62,
        "weighted_mean_3h_in": 2.62,
        "min_3h_in": 2.62,
        "max_3h_in": 2.62,
        "event_count": 1,
        "threshold_category": "moderate_sensitivity",
        "qc_flag": "ok",
        "qc_reason": "ok",
        "used_for_surface": true,
        "threshold_in": 2.62,
        "median_in": 2.62,
        "mean_in": 2.62,
        "weighted_mean_in": 2.62,
        "min_in": 2.62,
        "max_in": 2.62,
        "name": "Local empirical flash flood threshold cell",
        "source": "local_empirical_threshold_fallback",
        "source_url": "https://raw.githubusercontent.com/mefferso/Flash-Flood-Guidance-Map/main/docs/data/threshold_grid.geojson",
        "threshold_duration_hr": 3,
        "threshold_3hr_in": 2.62,
        "note": "Not official RFC Flash Flood Guidance. Derived from local empirical threshold grid for pipeline fallback/testing.",
        "susceptibility": "local empirical threshold"
      },
      "geometry": {
        "type": "Polygon",
        "coordinates": [
          [
            [
              -91.2,
              30.7
            ],
            [
              -91.10000000000001,
              30.7
            ],
            [
              -91.10000000000001,
              30.8
            ],
            [
              -91.2,
              30.8
            ],
            [
              -91.2,
              30.7
            ]
          ]
        ]
      }
    },
    {
      "type": "Feature",
      "properties": {
        "duration": "3h",
        "threshold_3h_in": 2.97,
        "median_3h_in": 2.97,
        "mean_3h_in": 2.97,
        "weighted_mean_3h_in": 2.97,
        "min_3h_in": 2.97,
        "max_3h_in": 2.97,
        "event_count": 1,
        "threshold_category": "moderate_sensitivity",
        "qc_flag": "ok",
        "qc_reason": "ok",
        "used_for_surface": true,
        "threshold_in": 2.97,
        "median_in": 2.97,
        "mean_in": 2.97,
        "weighted_mean_in": 2.97,
        "min_in": 2.97,
        "max_in": 2.97,
        "name": "Local empirical flash flood threshold cell",
        "source": "local_empirical_threshold_fallback",
        "source_url": "https://raw.githubusercontent.com/mefferso/Flash-Flood-Guidance-Map/main/docs/data/threshold_grid.geojson",
        "threshold_duration_hr": 3,
        "threshold_3hr_in": 2.97,
        "note": "Not official RFC Flash Flood Guidance. Derived from local empirical threshold grid for pipeline fallback/testing.",
        "susceptibility": "local empirical threshold"
      },
      "geometry": {
        "type": "Polygon",
        "coordinates": [
          [
            [
              -91.15,
              30.75
            ],
            [
              -91.05000000000001,
              30.75
            ],
            [
              -91.05000000000001,
              30.85
            ],
            [
              -91.15,
              30.85
            ],
            [
              -91.15,
              30.75
            ]
          ]
        ]
      }
    },
    {
      "type": "Feature",
      "properties": {
        "duration": "3h",
        "threshold_3h_in": 2.27,
        "median_3h_in": 2.27,
        "mean_3h_in": 2.27,
        "weighted_mean_3h_in": 2.27,
        "min_3h_in": 2.27,
        "max_3h_in": 2.27,
        "event_count": 1,
        "threshold_category": "moderate_sensitivity",
        "qc_flag": "ok",
        "qc_reason": "ok",
        "used_for_surface": true,
        "threshold_in": 2.27,
        "median_in": 2.27,
        "mean_in": 2.27,
        "weighted_mean_in": 2.27,
        "min_in": 2.27,
        "max_in": 2.27,
        "name": "Local empirical flash flood threshold cell",
        "source": "local_empirical_threshold_fallback",
        "source_url": "https://raw.githubusercontent.com/mefferso/Flash-Flood-Guidance-Map/main/docs/data/threshold_grid.geojson",
        "threshold_duration_hr": 3,
        "threshold_3hr_in": 2.27,
        "note": "Not official RFC Flash Flood Guidance. Derived from local empirical threshold grid for pipeline fallback/testing.",
        "susceptibility": "local empirical threshold"
      },
      "geometry": {
        "type": "Polygon",
        "coordinates": [
          [
            [
              -91.05,
              30.75
            ],
            [
              -90.95,
              30.75
            ],
            [
              -90.95,
              30.85
            ],
            [
              -91.05,
              30.85
            ],
            [
              -91.05,
              30.75
            ]
          ]
        ]
      }
    },
    {
      "type": "Feature",
      "properties": {
        "duration": "3h",
        "threshold_3h_in": 1.83,
        "median_3h_in": 1.83,
        "mean_3h_in": 1.83,
        "weighted_mean_3h_in": 1.83,
        "min_3h_in": 1.83,
        "max_3h_in": 1.83,
        "event_count": 1,
        "threshold_category": "high_sensitivity",
        "qc_flag": "ok",
        "qc_reason": "ok",
        "used_for_surface": true,
        "threshold_in": 1.83,
        "median_in": 1.83,
        "mean_in": 1.83,
        "weighted_mean_in": 1.83,
        "min_in": 1.83,
        "max_in": 1.83,
        "name": "Local empirical flash flood threshold cell",
        "source": "local_empirical_threshold_fallback",
        "source_url": "https://raw.githubusercontent.com/mefferso/Flash-Flood-Guidance-Map/main/docs/data/threshold_grid.geojson",
        "threshold_duration_hr": 3,
        "threshold_3hr_in": 1.83,
        "note": "Not official RFC Flash Flood Guidance. Derived from local empirical threshold grid for pipeline fallback/testing.",
        "susceptibility": "local empirical threshold"
      },
      "geometry": {
        "type": "Polygon",
        "coordinates": [
          [
            [
              -90.5,
              30.75
            ],
            [
              -90.4,
              30.75
            ],
            [
              -90.4,
              30.85
            ],
            [
              -90.5,
              30.85
            ],
            [
              -90.5,
              30.75
            ]
          ]
        ]
      }
    },
    {
      "type": "Feature",
      "properties": {
        "duration": "3h",
        "threshold_3h_in": 2.3,
        "median_3h_in": 2.3,
        "mean_3h_in": 2.3,
        "weighted_mean_3h_in": 2.3,
        "min_3h_in": 2.3,
        "max_3h_in": 2.3,
        "event_count": 1,
        "threshold_category": "moderate_sensitivity",
        "qc_flag": "ok",
        "qc_reason": "ok",
        "used_for_surface": true,
        "threshold_in": 2.3,
        "median_in": 2.3,
        "mean_in": 2.3,
        "weighted_mean_in": 2.3,
        "min_in": 2.3,
        "max_in": 2.3,
        "name": "Local empirical flash flood threshold cell",
        "source": "local_empirical_threshold_fallback",
        "source_url": "https://raw.githubusercontent.com/mefferso/Flash-Flood-Guidance-Map/main/docs/data/threshold_grid.geojson",
        "threshold_duration_hr": 3,
        "threshold_3hr_in": 2.3,
        "note": "Not official RFC Flash Flood Guidance. Derived from local empirical threshold grid for pipeline fallback/testing.",
        "susceptibility": "local empirical threshold"
      },
      "geometry": {
        "type": "Polygon",
        "coordinates": [
          [
            [
              -90.15,
              30.75
            ],
            [
              -90.05000000000001,
              30.75
            ],
            [
              -90.05000000000001,
              30.85
            ],
            [
              -90.15,
              30.85
            ],
            [
              -90.15,
              30.75
            ]
          ]
        ]
      }
    },
    {
      "type": "Feature",
      "properties": {
        "duration": "3h",
        "threshold_3h_in": 3.22,
        "median_3h_in": 3.22,
        "mean_3h_in": 3.22,
        "weighted_mean_3h_in": 3.22,
        "min_3h_in": 3.22,
        "max_3h_in": 3.22,
        "event_count": 1,
        "threshold_category": "lower_sensitivity",
        "qc_flag": "ok",
        "qc_reason": "ok",
        "used_for_surface": true,
        "threshold_in": 3.22,
        "median_in": 3.22,
        "mean_in": 3.22,
        "weighted_mean_in": 3.22,
        "min_in": 3.22,
        "max_in": 3.22,
        "name": "Local empirical flash flood threshold cell",
        "source": "local_empirical_threshold_fallback",
        "source_url": "https://raw.githubusercontent.com/mefferso/Flash-Flood-Guidance-Map/main/docs/data/threshold_grid.geojson",
        "threshold_duration_hr": 3,
        "threshold_3hr_in": 3.22,
        "note": "Not official RFC Flash Flood Guidance. Derived from local empirical threshold grid for pipeline fallback/testing.",
        "susceptibility": "local empirical threshold"
      },
      "geometry": {
        "type": "Polygon",
        "coordinates": [
          [
            [
              -89.95,
              30.75
            ],
            [
              -89.85000000000001,
              30.75
            ],
            [
              -89.85000000000001,
              30.85
            ],
            [
              -89.95,
              30.85
            ],
            [
              -89.95,
              30.75
            ]
          ]
        ]
      }
    },
    {
      "type": "Feature",
      "properties": {
        "duration": "3h",
        "threshold_3h_in": 2.56,
        "median_3h_in": 2.56,
        "mean_3h_in": 2.56,
        "weighted_mean_3h_in": 2.56,
        "min_3h_in": 1.96,
        "max_3h_in": 3.16,
        "event_count": 2,
        "threshold_category": "moderate_sensitivity",
        "qc_flag": "ok",
        "qc_reason": "ok",
        "used_for_surface": true,
        "threshold_in": 2.56,
        "median_in": 2.56,
        "mean_in": 2.56,
        "weighted_mean_in": 2.56,
        "min_in": 1.96,
        "max_in": 3.16,
        "name": "Local empirical flash flood threshold cell",
        "source": "local_empirical_threshold_fallback",
        "source_url": "https://raw.githubusercontent.com/mefferso/Flash-Flood-Guidance-Map/main/docs/data/threshold_grid.geojson",
        "threshold_duration_hr": 3,
        "threshold_3hr_in": 2.56,
        "note": "Not official RFC Flash Flood Guidance. Derived from local empirical threshold grid for pipeline fallback/testing.",
        "susceptibility": "local empirical threshold"
      },
      "geometry": {
        "type": "Polygon",
        "coordinates": [
          [
            [
              -89.9,
              30.75
            ],
            [
              -89.80000000000001,
              30.75
            ],
            [
              -89.80000000000001,
              30.85
            ],
            [
              -89.9,
              30.85
            ],
            [
              -89.9,
              30.75
            ]
          ]
        ]
      }
    },
    {
      "type": "Feature",
      "properties": {
        "duration": "3h",
        "threshold_3h_in": 0.93,
        "median_3h_in": 0.93,
        "mean_3h_in": 0.93,
        "weighted_mean_3h_in": 0.93,
        "min_3h_in": 0.93,
        "max_3h_in": 0.93,
        "event_count": 1,
        "threshold_category": "high_sensitivity",
        "qc_flag": "suspect_threshold",
        "qc_reason": "3h threshold below 1.20 inch",
        "used_for_surface": false,
        "threshold_in": 0.93,
        "median_in": 0.93,
        "mean_in": 0.93,
        "weighted_mean_in": 0.93,
        "min_in": 0.93,
        "max_in": 0.93,
        "name": "Local empirical flash flood threshold cell",
        "source": "local_empirical_threshold_fallback",
        "source_url": "https://raw.githubusercontent.com/mefferso/Flash-Flood-Guidance-Map/main/docs/data/threshold_grid.geojson",
        "threshold_duration_hr": 3,
        "threshold_3hr_in": 0.93,
        "note": "Not official RFC Flash Flood Guidance. Derived from local empirical threshold grid for pipeline fallback/testing.",
        "susceptibility": "local empirical threshold"
      },
      "geometry": {
        "type": "Polygon",
        "coordinates": [
          [
            [
              -91.7,
              30.8
            ],
            [
              -91.60000000000001,
              30.8
            ],
            [
              -91.60000000000001,
              30.900000000000002
            ],
            [
              -91.7,
              30.900000000000002
            ],
            [
              -91.7,
              30.8
            ]
          ]
        ]
      }
    },
    {
      "type": "Feature",
      "properties": {
        "duration": "3h",
        "threshold_3h_in": 4.98,
        "median_3h_in": 4.98,
        "mean_3h_in": 4.98,
        "weighted_mean_3h_in": 4.98,
        "min_3h_in": 4.98,
        "max_3h_in": 4.98,
        "event_count": 1,
        "threshold_category": "least_sensitive",
        "qc_flag": "ok",
        "qc_reason": "ok",
        "used_for_surface": true,
        "threshold_in": 4.98,
        "median_in": 4.98,
        "mean_in": 4.98,
        "weighted_mean_in": 4.98,
        "min_in": 4.98,
        "max_in": 4.98,
        "name": "Local empirical flash flood threshold cell",
        "source": "local_empirical_threshold_fallback",
        "source_url": "https://raw.githubusercontent.com/mefferso/Flash-Flood-Guidance-Map/main/docs/data/threshold_grid.geojson",
        "threshold_duration_hr": 3,
        "threshold_3hr_in": 4.98,
        "note": "Not official RFC Flash Flood Guidance. Derived from local empirical threshold grid for pipeline fallback/testing.",
        "susceptibility": "local empirical threshold"
      },
      "geometry": {
        "type": "Polygon",
        "coordinates": [
          [
            [
              -91.5,
              30.8
            ],
            [
              -91.4,
              30.8
            ],
            [
              -91.4,
              30.900000000000002
            ],
            [
              -91.5,
              30.900000000000002
            ],
            [
              -91.5,
              30.8
            ]
          ]
        ]
      }
    },
    {
      "type": "Feature",
      "properties": {
        "duration": "3h",
        "threshold_3h_in": 2.73,
        "median_3h_in": 2.73,
        "mean_3h_in": 2.73,
        "weighted_mean_3h_in": 2.73,
        "min_3h_in": 2.56,
        "max_3h_in": 2.9,
        "event_count": 2,
        "threshold_category": "moderate_sensitivity",
        "qc_flag": "ok",
        "qc_reason": "ok",
        "used_for_surface": true,
        "threshold_in": 2.73,
        "median_in": 2.73,
        "mean_in": 2.73,
        "weighted_mean_in": 2.73,
        "min_in": 2.56,
        "max_in": 2.9,
        "name": "Local empirical flash flood threshold cell",
        "source": "local_empirical_threshold_fallback",
        "source_url": "https://raw.githubusercontent.com/mefferso/Flash-Flood-Guidance-Map/main/docs/data/threshold_grid.geojson",
        "threshold_duration_hr": 3,
        "threshold_3hr_in": 2.73,
        "note": "Not official RFC Flash Flood Guidance. Derived from local empirical threshold grid for pipeline fallback/testing.",
        "susceptibility": "local empirical threshold"
      },
      "geometry": {
        "type": "Polygon",
        "coordinates": [
          [
            [
              -91.10000000000001,
              30.8
            ],
            [
              -91.00000000000001,
              30.8
            ],
            [
              -91.00000000000001,
              30.900000000000002
            ],
            [
              -91.10000000000001,
              30.900000000000002
            ],
            [
              -91.10000000000001,
              30.8
            ]
          ]
        ]
      }
    },
    {
      "type": "Feature",
      "properties": {
        "duration": "3h",
        "threshold_3h_in": 2.81,
        "median_3h_in": 2.81,
        "mean_3h_in": 3.07,
        "weighted_mean_3h_in": 3.07,
        "min_3h_in": 2.66,
        "max_3h_in": 3.74,
        "event_count": 3,
        "threshold_category": "moderate_sensitivity",
        "qc_flag": "ok",
        "qc_reason": "ok",
        "used_for_surface": true,
        "threshold_in": 2.81,
        "median_in": 2.81,
        "mean_in": 3.07,
        "weighted_mean_in": 3.07,
        "min_in": 2.66,
        "max_in": 3.74,
        "name": "Local empirical flash flood threshold cell",
        "source": "local_empirical_threshold_fallback",
        "source_url": "https://raw.githubusercontent.com/mefferso/Flash-Flood-Guidance-Map/main/docs/data/threshold_grid.geojson",
        "threshold_duration_hr": 3,
        "threshold_3hr_in": 2.81,
        "note": "Not official RFC Flash Flood Guidance. Derived from local empirical threshold grid for pipeline fallback/testing.",
        "susceptibility": "local empirical threshold"
      },
      "geometry": {
        "type": "Polygon",
        "coordinates": [
          [
            [
              -91.05,
              30.8
            ],
            [
              -90.95,
              30.8
            ],
            [
              -90.95,
              30.900000000000002
            ],
            [
              -91.05,
              30.900000000000002
            ],
            [
              -91.05,
              30.8
            ]
          ]
        ]
      }
    },
    {
      "type": "Feature",
      "properties": {
        "duration": "3h",
        "threshold_3h_in": 2.72,
        "median_3h_in": 2.72,
        "mean_3h_in": 2.72,
        "weighted_mean_3h_in": 2.72,
        "min_3h_in": 2.72,
        "max_3h_in": 2.72,
        "event_count": 1,
        "threshold_category": "moderate_sensitivity",
        "qc_flag": "ok",
        "qc_reason": "ok",
        "used_for_surface": true,
        "threshold_in": 2.72,
        "median_in": 2.72,
        "mean_in": 2.72,
        "weighted_mean_in": 2.72,
        "min_in": 2.72,
        "max_in": 2.72,
        "name": "Local empirical flash flood threshold cell",
        "source": "local_empirical_threshold_fallback",
        "source_url": "https://raw.githubusercontent.com/mefferso/Flash-Flood-Guidance-Map/main/docs/data/threshold_grid.geojson",
        "threshold_duration_hr": 3,
        "threshold_3hr_in": 2.72,
        "note": "Not official RFC Flash Flood Guidance. Derived from local empirical threshold grid for pipeline fallback/testing.",
        "susceptibility": "local empirical threshold"
      },
      "geometry": {
        "type": "Polygon",
        "coordinates": [
          [
            [
              -90.15,
              30.8
            ],
            [
              -90.05000000000001,
              30.8
            ],
            [
              -90.05000000000001,
              30.900000000000002
            ],
            [
              -90.15,
              30.900000000000002
            ],
            [
              -90.15,
              30.8
            ]
          ]
        ]
      }
    },
    {
      "type": "Feature",
      "properties": {
        "duration": "3h",
        "threshold_3h_in": 4.23,
        "median_3h_in": 4.23,
        "mean_3h_in": 4.23,
        "weighted_mean_3h_in": 4.23,
        "min_3h_in": 4.23,
        "max_3h_in": 4.23,
        "event_count": 1,
        "threshold_category": "least_sensitive",
        "qc_flag": "ok",
        "qc_reason": "ok",
        "used_for_surface": true,
        "threshold_in": 4.23,
        "median_in": 4.23,
        "mean_in": 4.23,
        "weighted_mean_in": 4.23,
        "min_in": 4.23,
        "max_in": 4.23,
        "name": "Local empirical flash flood threshold cell",
        "source": "local_empirical_threshold_fallback",
        "source_url": "https://raw.githubusercontent.com/mefferso/Flash-Flood-Guidance-Map/main/docs/data/threshold_grid.geojson",
        "threshold_duration_hr": 3,
        "threshold_3hr_in": 4.23,
        "note": "Not official RFC Flash Flood Guidance. Derived from local empirical threshold grid for pipeline fallback/testing.",
        "susceptibility": "local empirical threshold"
      },
      "geometry": {
        "type": "Polygon",
        "coordinates": [
          [
            [
              -91.85000000000001,
              30.900000000000002
            ],
            [
              -91.75000000000001,
              30.900000000000002
            ],
            [
              -91.75000000000001,
              31.000000000000004
            ],
            [
              -91.85000000000001,
              31.000000000000004
            ],
            [
              -91.85000000000001,
              30.900000000000002
            ]
          ]
        ]
      }
    },
    {
      "type": "Feature",
      "properties": {
        "duration": "3h",
        "threshold_3h_in": 2.74,
        "median_3h_in": 2.74,
        "mean_3h_in": 2.74,
        "weighted_mean_3h_in": 2.74,
        "min_3h_in": 2.74,
        "max_3h_in": 2.74,
        "event_count": 1,
        "threshold_category": "moderate_sensitivity",
        "qc_flag": "ok",
        "qc_reason": "ok",
        "used_for_surface": true,
        "threshold_in": 2.74,
        "median_in": 2.74,
        "mean_in": 2.74,
        "weighted_mean_in": 2.74,
        "min_in": 2.74,
        "max_in": 2.74,
        "name": "Local empirical flash flood threshold cell",
        "source": "local_empirical_threshold_fallback",
        "source_url": "https://raw.githubusercontent.com/mefferso/Flash-Flood-Guidance-Map/main/docs/data/threshold_grid.geojson",
        "threshold_duration_hr": 3,
        "threshold_3hr_in": 2.74,
        "note": "Not official RFC Flash Flood Guidance. Derived from local empirical threshold grid for pipeline fallback/testing.",
        "susceptibility": "local empirical threshold"
      },
      "geometry": {
        "type": "Polygon",
        "coordinates": [
          [
            [
              -91.15,
              30.900000000000002
            ],
            [
              -91.05000000000001,
              30.900000000000002
            ],
            [
              -91.05000000000001,
              31.000000000000004
            ],
            [
              -91.15,
              31.000000000000004
            ],
            [
              -91.15,
              30.900000000000002
            ]
          ]
        ]
      }
    },
    {
      "type": "Feature",
      "properties": {
        "duration": "3h",
        "threshold_3h_in": 3.59,
        "median_3h_in": 3.59,
        "mean_3h_in": 3.59,
        "weighted_mean_3h_in": 3.59,
        "min_3h_in": 3.59,
        "max_3h_in": 3.59,
        "event_count": 1,
        "threshold_category": "lower_sensitivity",
        "qc_flag": "ok",
        "qc_reason": "ok",
        "used_for_surface": true,
        "threshold_in": 3.59,
        "median_in": 3.59,
        "mean_in": 3.59,
        "weighted_mean_in": 3.59,
        "min_in": 3.59,
        "max_in": 3.59,
        "name": "Local empirical flash flood threshold cell",
        "source": "local_empirical_threshold_fallback",
        "source_url": "https://raw.githubusercontent.com/mefferso/Flash-Flood-Guidance-Map/main/docs/data/threshold_grid.geojson",
        "threshold_duration_hr": 3,
        "threshold_3hr_in": 3.59,
        "note": "Not official RFC Flash Flood Guidance. Derived from local empirical threshold grid for pipeline fallback/testing.",
        "susceptibility": "local empirical threshold"
      },
      "geometry": {
        "type": "Polygon",
        "coordinates": [
          [
            [
              -90.35000000000001,
              30.900000000000002
            ],
            [
              -90.25000000000001,
              30.900000000000002
            ],
            [
              -90.25000000000001,
              31.000000000000004
            ],
            [
              -90.35000000000001,
              31.000000000000004
            ],
            [
              -90.35000000000001,
              30.900000000000002
            ]
          ]
        ]
      }
    },
    {
      "type": "Feature",
      "properties": {
        "duration": "3h",
        "threshold_3h_in": 2.02,
        "median_3h_in": 2.02,
        "mean_3h_in": 2.02,
        "weighted_mean_3h_in": 2.02,
        "min_3h_in": 2.02,
        "max_3h_in": 2.02,
        "event_count": 1,
        "threshold_category": "moderate_sensitivity",
        "qc_flag": "ok",
        "qc_reason": "ok",
        "used_for_surface": true,
        "threshold_in": 2.02,
        "median_in": 2.02,
        "mean_in": 2.02,
        "weighted_mean_in": 2.02,
        "min_in": 2.02,
        "max_in": 2.02,
        "name": "Local empirical flash flood threshold cell",
        "source": "local_empirical_threshold_fallback",
        "source_url": "https://raw.githubusercontent.com/mefferso/Flash-Flood-Guidance-Map/main/docs/data/threshold_grid.geojson",
        "threshold_duration_hr": 3,
        "threshold_3hr_in": 2.02,
        "note": "Not official RFC Flash Flood Guidance. Derived from local empirical threshold grid for pipeline fallback/testing.",
        "susceptibility": "local empirical threshold"
      },
      "geometry": {
        "type": "Polygon",
        "coordinates": [
          [
            [
              -89.85000000000001,
              30.900000000000002
            ],
            [
              -89.75000000000001,
              30.900000000000002
            ],
            [
              -89.75000000000001,
              31.000000000000004
            ],
            [
              -89.85000000000001,
              31.000000000000004
            ],
            [
              -89.85000000000001,
              30.900000000000002
            ]
          ]
        ]
      }
    },
    {
      "type": "Feature",
      "properties": {
        "duration": "3h",
        "threshold_3h_in": 2.26,
        "median_3h_in": 2.26,
        "mean_3h_in": 2.26,
        "weighted_mean_3h_in": 2.26,
        "min_3h_in": 2.26,
        "max_3h_in": 2.26,
        "event_count": 1,
        "threshold_category": "moderate_sensitivity",
        "qc_flag": "ok",
        "qc_reason": "ok",
        "used_for_surface": true,
        "threshold_in": 2.26,
        "median_in": 2.26,
        "mean_in": 2.26,
        "weighted_mean_in": 2.26,
        "min_in": 2.26,
        "max_in": 2.26,
        "name": "Local empirical flash flood threshold cell",
        "source": "local_empirical_threshold_fallback",
        "source_url": "https://raw.githubusercontent.com/mefferso/Flash-Flood-Guidance-Map/main/docs/data/threshold_grid.geojson",
        "threshold_duration_hr": 3,
        "threshold_3hr_in": 2.26,
        "note": "Not official RFC Flash Flood Guidance. Derived from local empirical threshold grid for pipeline fallback/testing.",
        "susceptibility": "local empirical threshold"
      },
      "geometry": {
        "type": "Polygon",
        "coordinates": [
          [
            [
              -89.75,
              30.900000000000002
            ],
            [
              -89.65,
              30.900000000000002
            ],
            [
              -89.65,
              31.000000000000004
            ],
            [
              -89.75,
              31.000000000000004
            ],
            [
              -89.75,
              30.900000000000002
            ]
          ]
        ]
      }
    },
    {
      "type": "Feature",
      "properties": {
        "duration": "3h",
        "threshold_3h_in": 0.15,
        "median_3h_in": 0.15,
        "mean_3h_in": 0.15,
        "weighted_mean_3h_in": 0.15,
        "min_3h_in": 0.15,
        "max_3h_in": 0.15,
        "event_count": 1,
        "threshold_category": "high_sensitivity",
        "qc_flag": "suspect_threshold",
        "qc_reason": "3h threshold below 1.20 inch",
        "used_for_surface": false,
        "threshold_in": 0.15,
        "median_in": 0.15,
        "mean_in": 0.15,
        "weighted_mean_in": 0.15,
        "min_in": 0.15,
        "max_in": 0.15,
        "name": "Local empirical flash flood threshold cell",
        "source": "local_empirical_threshold_fallback",
        "source_url": "https://raw.githubusercontent.com/mefferso/Flash-Flood-Guidance-Map/main/docs/data/threshold_grid.geojson",
        "threshold_duration_hr": 3,
        "threshold_3hr_in": 0.15,
        "note": "Not official RFC Flash Flood Guidance. Derived from local empirical threshold grid for pipeline fallback/testing.",
        "susceptibility": "local empirical threshold"
      },
      "geometry": {
        "type": "Polygon",
        "coordinates": [
          [
            [
              -91.8,
              30.95
            ],
            [
              -91.7,
              30.95
            ],
            [
              -91.7,
              31.05
            ],
            [
              -91.8,
              31.05
            ],
            [
              -91.8,
              30.95
            ]
          ]
        ]
      }
    },
    {
      "type": "Feature",
      "properties": {
        "duration": "3h",
        "threshold_3h_in": 1.23,
        "median_3h_in": 1.23,
        "mean_3h_in": 1.23,
        "weighted_mean_3h_in": 1.23,
        "min_3h_in": 1.23,
        "max_3h_in": 1.23,
        "event_count": 1,
        "threshold_category": "high_sensitivity",
        "qc_flag": "ok",
        "qc_reason": "ok",
        "used_for_surface": true,
        "threshold_in": 1.23,
        "median_in": 1.23,
        "mean_in": 1.23,
        "weighted_mean_in": 1.23,
        "min_in": 1.23,
        "max_in": 1.23,
        "name": "Local empirical flash flood threshold cell",
        "source": "local_empirical_threshold_fallback",
        "source_url": "https://raw.githubusercontent.com/mefferso/Flash-Flood-Guidance-Map/main/docs/data/threshold_grid.geojson",
        "threshold_duration_hr": 3,
        "threshold_3hr_in": 1.23,
        "note": "Not official RFC Flash Flood Guidance. Derived from local empirical threshold grid for pipeline fallback/testing.",
        "susceptibility": "local empirical threshold"
      },
      "geometry": {
        "type": "Polygon",
        "coordinates": [
          [
            [
              -91.55,
              30.95
            ],
            [
              -91.45,
              30.95
            ],
            [
              -91.45,
              31.05
            ],
            [
              -91.55,
              31.05
            ],
            [
              -91.55,
              30.95
            ]
          ]
        ]
      }
    },
    {
      "type": "Feature",
      "properties": {
        "duration": "3h",
        "threshold_3h_in": 4.21,
        "median_3h_in": 4.21,
        "mean_3h_in": 4.21,
        "weighted_mean_3h_in": 4.21,
        "min_3h_in": 4.21,
        "max_3h_in": 4.21,
        "event_count": 1,
        "threshold_category": "least_sensitive",
        "qc_flag": "ok",
        "qc_reason": "ok",
        "used_for_surface": true,
        "threshold_in": 4.21,
        "median_in": 4.21,
        "mean_in": 4.21,
        "weighted_mean_in": 4.21,
        "min_in": 4.21,
        "max_in": 4.21,
        "name": "Local empirical flash flood threshold cell",
        "source": "local_empirical_threshold_fallback",
        "source_url": "https://raw.githubusercontent.com/mefferso/Flash-Flood-Guidance-Map/main/docs/data/threshold_grid.geojson",
        "threshold_duration_hr": 3,
        "threshold_3hr_in": 4.21,
        "note": "Not official RFC Flash Flood Guidance. Derived from local empirical threshold grid for pipeline fallback/testing.",
        "susceptibility": "local empirical threshold"
      },
      "geometry": {
        "type": "Polygon",
        "coordinates": [
          [
            [
              -91.25,
              30.95
            ],
            [
              -91.15,
              30.95
            ],
            [
              -91.15,
              31.05
            ],
            [
              -91.25,
              31.05
            ],
            [
              -91.25,
              30.95
            ]
          ]
        ]
      }
    },
    {
      "type": "Feature",
      "properties": {
        "duration": "3h",
        "threshold_3h_in": 5.12,
        "median_3h_in": 5.12,
        "mean_3h_in": 5.12,
        "weighted_mean_3h_in": 5.12,
        "min_3h_in": 5.12,
        "max_3h_in": 5.12,
        "event_count": 1,
        "threshold_category": "least_sensitive",
        "qc_flag": "ok",
        "qc_reason": "ok",
        "used_for_surface": true,
        "threshold_in": 5.12,
        "median_in": 5.12,
        "mean_in": 5.12,
        "weighted_mean_in": 5.12,
        "min_in": 5.12,
        "max_in": 5.12,
        "name": "Local empirical flash flood threshold cell",
        "source": "local_empirical_threshold_fallback",
        "source_url": "https://raw.githubusercontent.com/mefferso/Flash-Flood-Guidance-Map/main/docs/data/threshold_grid.geojson",
        "threshold_duration_hr": 3,
        "threshold_3hr_in": 5.12,
        "note": "Not official RFC Flash Flood Guidance. Derived from local empirical threshold grid for pipeline fallback/testing.",
        "susceptibility": "local empirical threshold"
      },
      "geometry": {
        "type": "Polygon",
        "coordinates": [
          [
            [
              -90.9,
              30.95
            ],
            [
              -90.80000000000001,
              30.95
            ],
            [
              -90.80000000000001,
              31.05
            ],
            [
              -90.9,
              31.05
            ],
            [
              -90.9,
              30.95
            ]
          ]
        ]
      }
    },
    {
      "type": "Feature",
      "properties": {
        "duration": "3h",
        "threshold_3h_in": 2.19,
        "median_3h_in": 2.19,
        "mean_3h_in": 2.15,
        "weighted_mean_3h_in": 2.15,
        "min_3h_in": 1.97,
        "max_3h_in": 2.29,
        "event_count": 3,
        "threshold_category": "moderate_sensitivity",
        "qc_flag": "ok",
        "qc_reason": "ok",
        "used_for_surface": true,
        "threshold_in": 2.19,
        "median_in": 2.19,
        "mean_in": 2.15,
        "weighted_mean_in": 2.15,
        "min_in": 1.97,
        "max_in": 2.29,
        "name": "Local empirical flash flood threshold cell",
        "source": "local_empirical_threshold_fallback",
        "source_url": "https://raw.githubusercontent.com/mefferso/Flash-Flood-Guidance-Map/main/docs/data/threshold_grid.geojson",
        "threshold_duration_hr": 3,
        "threshold_3hr_in": 2.19,
        "note": "Not official RFC Flash Flood Guidance. Derived from local empirical threshold grid for pipeline fallback/testing.",
        "susceptibility": "local empirical threshold"
      },
      "geometry": {
        "type": "Polygon",
        "coordinates": [
          [
            [
              -90.60000000000001,
              30.95
            ],
            [
              -90.50000000000001,
              30.95
            ],
            [
              -90.50000000000001,
              31.05
            ],
            [
              -90.60000000000001,
              31.05
            ],
            [
              -90.60000000000001,
              30.95
            ]
          ]
        ]
      }
    },
    {
      "type": "Feature",
      "properties": {
        "duration": "3h",
        "threshold_3h_in": 1.84,
        "median_3h_in": 1.84,
        "mean_3h_in": 1.84,
        "weighted_mean_3h_in": 1.84,
        "min_3h_in": 1.84,
        "max_3h_in": 1.84,
        "event_count": 1,
        "threshold_category": "high_sensitivity",
        "qc_flag": "ok",
        "qc_reason": "ok",
        "used_for_surface": true,
        "threshold_in": 1.84,
        "median_in": 1.84,
        "mean_in": 1.84,
        "weighted_mean_in": 1.84,
        "min_in": 1.84,
        "max_in": 1.84,
        "name": "Local empirical flash flood threshold cell",
        "source": "local_empirical_threshold_fallback",
        "source_url": "https://raw.githubusercontent.com/mefferso/Flash-Flood-Guidance-Map/main/docs/data/threshold_grid.geojson",
        "threshold_duration_hr": 3,
        "threshold_3hr_in": 1.84,
        "note": "Not official RFC Flash Flood Guidance. Derived from local empirical threshold grid for pipeline fallback/testing.",
        "susceptibility": "local empirical threshold"
      },
      "geometry": {
        "type": "Polygon",
        "coordinates": [
          [
            [
              -90.55,
              30.95
            ],
            [
              -90.45,
              30.95
            ],
            [
              -90.45,
              31.05
            ],
            [
              -90.55,
              31.05
            ],
            [
              -90.55,
              30.95
            ]
          ]
        ]
      }
    },
    {
      "type": "Feature",
      "properties": {
        "duration": "3h",
        "threshold_3h_in": 3.13,
        "median_3h_in": 3.13,
        "mean_3h_in": 3.13,
        "weighted_mean_3h_in": 3.13,
        "min_3h_in": 2.61,
        "max_3h_in": 3.64,
        "event_count": 2,
        "threshold_category": "lower_sensitivity",
        "qc_flag": "ok",
        "qc_reason": "ok",
        "used_for_surface": true,
        "threshold_in": 3.13,
        "median_in": 3.13,
        "mean_in": 3.13,
        "weighted_mean_in": 3.13,
        "min_in": 2.61,
        "max_in": 3.64,
        "name": "Local empirical flash flood threshold cell",
        "source": "local_empirical_threshold_fallback",
        "source_url": "https://raw.githubusercontent.com/mefferso/Flash-Flood-Guidance-Map/main/docs/data/threshold_grid.geojson",
        "threshold_duration_hr": 3,
        "threshold_3hr_in": 3.13,
        "note": "Not official RFC Flash Flood Guidance. Derived from local empirical threshold grid for pipeline fallback/testing.",
        "susceptibility": "local empirical threshold"
      },
      "geometry": {
        "type": "Polygon",
        "coordinates": [
          [
            [
              -90.4,
              30.95
            ],
            [
              -90.30000000000001,
              30.95
            ],
            [
              -90.30000000000001,
              31.05
            ],
            [
              -90.4,
              31.05
            ],
            [
              -90.4,
              30.95
            ]
          ]
        ]
      }
    },
    {
      "type": "Feature",
      "properties": {
        "duration": "3h",
        "threshold_3h_in": 2.86,
        "median_3h_in": 2.86,
        "mean_3h_in": 2.86,
        "weighted_mean_3h_in": 2.86,
        "min_3h_in": 2.86,
        "max_3h_in": 2.86,
        "event_count": 1,
        "threshold_category": "moderate_sensitivity",
        "qc_flag": "ok",
        "qc_reason": "ok",
        "used_for_surface": true,
        "threshold_in": 2.86,
        "median_in": 2.86,
        "mean_in": 2.86,
        "weighted_mean_in": 2.86,
        "min_in": 2.86,
        "max_in": 2.86,
        "name": "Local empirical flash flood threshold cell",
        "source": "local_empirical_threshold_fallback",
        "source_url": "https://raw.githubusercontent.com/mefferso/Flash-Flood-Guidance-Map/main/docs/data/threshold_grid.geojson",
        "threshold_duration_hr": 3,
        "threshold_3hr_in": 2.86,
        "note": "Not official RFC Flash Flood Guidance. Derived from local empirical threshold grid for pipeline fallback/testing.",
        "susceptibility": "local empirical threshold"
      },
      "geometry": {
        "type": "Polygon",
        "coordinates": [
          [
            [
              -90.35000000000001,
              30.95
            ],
            [
              -90.25000000000001,
              30.95
            ],
            [
              -90.25000000000001,
              31.05
            ],
            [
              -90.35000000000001,
              31.05
            ],
            [
              -90.35000000000001,
              30.95
            ]
          ]
        ]
      }
    },
    {
      "type": "Feature",
      "properties": {
        "duration": "3h",
        "threshold_3h_in": 0.84,
        "median_3h_in": 0.84,
        "mean_3h_in": 0.84,
        "weighted_mean_3h_in": 0.84,
        "min_3h_in": 0.84,
        "max_3h_in": 0.84,
        "event_count": 1,
        "threshold_category": "high_sensitivity",
        "qc_flag": "suspect_threshold",
        "qc_reason": "3h threshold below 1.20 inch",
        "used_for_surface": false,
        "threshold_in": 0.84,
        "median_in": 0.84,
        "mean_in": 0.84,
        "weighted_mean_in": 0.84,
        "min_in": 0.84,
        "max_in": 0.84,
        "name": "Local empirical flash flood threshold cell",
        "source": "local_empirical_threshold_fallback",
        "source_url": "https://raw.githubusercontent.com/mefferso/Flash-Flood-Guidance-Map/main/docs/data/threshold_grid.geojson",
        "threshold_duration_hr": 3,
        "threshold_3hr_in": 0.84,
        "note": "Not official RFC Flash Flood Guidance. Derived from local empirical threshold grid for pipeline fallback/testing.",
        "susceptibility": "local empirical threshold"
      },
      "geometry": {
        "type": "Polygon",
        "coordinates": [
          [
            [
              -89.9,
              30.95
            ],
            [
              -89.80000000000001,
              30.95
            ],
            [
              -89.80000000000001,
              31.05
            ],
            [
              -89.9,
              31.05
            ],
            [
              -89.9,
              30.95
            ]
          ]
        ]
      }
    },
    {
      "type": "Feature",
      "properties": {
        "duration": "3h",
        "threshold_3h_in": 3.66,
        "median_3h_in": 3.66,
        "mean_3h_in": 3.66,
        "weighted_mean_3h_in": 3.66,
        "min_3h_in": 3.66,
        "max_3h_in": 3.66,
        "event_count": 1,
        "threshold_category": "lower_sensitivity",
        "qc_flag": "ok",
        "qc_reason": "ok",
        "used_for_surface": true,
        "threshold_in": 3.66,
        "median_in": 3.66,
        "mean_in": 3.66,
        "weighted_mean_in": 3.66,
        "min_in": 3.66,
        "max_in": 3.66,
        "name": "Local empirical flash flood threshold cell",
        "source": "local_empirical_threshold_fallback",
        "source_url": "https://raw.githubusercontent.com/mefferso/Flash-Flood-Guidance-Map/main/docs/data/threshold_grid.geojson",
        "threshold_duration_hr": 3,
        "threshold_3hr_in": 3.66,
        "note": "Not official RFC Flash Flood Guidance. Derived from local empirical threshold grid for pipeline fallback/testing.",
        "susceptibility": "local empirical threshold"
      },
      "geometry": {
        "type": "Polygon",
        "coordinates": [
          [
            [
              -89.85000000000001,
              31.0
            ],
            [
              -89.75000000000001,
              31.0
            ],
            [
              -89.75000000000001,
              31.1
            ],
            [
              -89.85000000000001,
              31.1
            ],
            [
              -89.85000000000001,
              31.0
            ]
          ]
        ]
      }
    },
    {
      "type": "Feature",
      "properties": {
        "duration": "3h",
        "threshold_3h_in": 2.09,
        "median_3h_in": 2.09,
        "mean_3h_in": 2.09,
        "weighted_mean_3h_in": 2.09,
        "min_3h_in": 2.09,
        "max_3h_in": 2.09,
        "event_count": 1,
        "threshold_category": "moderate_sensitivity",
        "qc_flag": "ok",
        "qc_reason": "ok",
        "used_for_surface": true,
        "threshold_in": 2.09,
        "median_in": 2.09,
        "mean_in": 2.09,
        "weighted_mean_in": 2.09,
        "min_in": 2.09,
        "max_in": 2.09,
        "name": "Local empirical flash flood threshold cell",
        "source": "local_empirical_threshold_fallback",
        "source_url": "https://raw.githubusercontent.com/mefferso/Flash-Flood-Guidance-Map/main/docs/data/threshold_grid.geojson",
        "threshold_duration_hr": 3,
        "threshold_3hr_in": 2.09,
        "note": "Not official RFC Flash Flood Guidance. Derived from local empirical threshold grid for pipeline fallback/testing.",
        "susceptibility": "local empirical threshold"
      },
      "geometry": {
        "type": "Polygon",
        "coordinates": [
          [
            [
              -91.35000000000001,
              31.05
            ],
            [
              -91.25000000000001,
              31.05
            ],
            [
              -91.25000000000001,
              31.150000000000002
            ],
            [
              -91.35000000000001,
              31.150000000000002
            ],
            [
              -91.35000000000001,
              31.05
            ]
          ]
        ]
      }
    },
    {
      "type": "Feature",
      "properties": {
        "duration": "3h",
        "threshold_3h_in": 2.55,
        "median_3h_in": 2.55,
        "mean_3h_in": 2.55,
        "weighted_mean_3h_in": 2.55,
        "min_3h_in": 2.55,
        "max_3h_in": 2.55,
        "event_count": 1,
        "threshold_category": "moderate_sensitivity",
        "qc_flag": "ok",
        "qc_reason": "ok",
        "used_for_surface": true,
        "threshold_in": 2.55,
        "median_in": 2.55,
        "mean_in": 2.55,
        "weighted_mean_in": 2.55,
        "min_in": 2.55,
        "max_in": 2.55,
        "name": "Local empirical flash flood threshold cell",
        "source": "local_empirical_threshold_fallback",
        "source_url": "https://raw.githubusercontent.com/mefferso/Flash-Flood-Guidance-Map/main/docs/data/threshold_grid.geojson",
        "threshold_duration_hr": 3,
        "threshold_3hr_in": 2.55,
        "note": "Not official RFC Flash Flood Guidance. Derived from local empirical threshold grid for pipeline fallback/testing.",
        "susceptibility": "local empirical threshold"
      },
      "geometry": {
        "type": "Polygon",
        "coordinates": [
          [
            [
              -89.8,
              31.05
            ],
            [
              -89.7,
              31.05
            ],
            [
              -89.7,
              31.150000000000002
            ],
            [
              -89.8,
              31.150000000000002
            ],
            [
              -89.8,
              31.05
            ]
          ]
        ]
      }
    },
    {
      "type": "Feature",
      "properties": {
        "duration": "3h",
        "threshold_3h_in": 3.94,
        "median_3h_in": 3.94,
        "mean_3h_in": 3.94,
        "weighted_mean_3h_in": 3.94,
        "min_3h_in": 2.41,
        "max_3h_in": 5.47,
        "event_count": 2,
        "threshold_category": "lower_sensitivity",
        "qc_flag": "ok",
        "qc_reason": "ok",
        "used_for_surface": true,
        "threshold_in": 3.94,
        "median_in": 3.94,
        "mean_in": 3.94,
        "weighted_mean_in": 3.94,
        "min_in": 2.41,
        "max_in": 5.47,
        "name": "Local empirical flash flood threshold cell",
        "source": "local_empirical_threshold_fallback",
        "source_url": "https://raw.githubusercontent.com/mefferso/Flash-Flood-Guidance-Map/main/docs/data/threshold_grid.geojson",
        "threshold_duration_hr": 3,
        "threshold_3hr_in": 3.94,
        "note": "Not official RFC Flash Flood Guidance. Derived from local empirical threshold grid for pipeline fallback/testing.",
        "susceptibility": "local empirical threshold"
      },
      "geometry": {
        "type": "Polygon",
        "coordinates": [
          [
            [
              -91.55,
              31.1
            ],
            [
              -91.45,
              31.1
            ],
            [
              -91.45,
              31.200000000000003
            ],
            [
              -91.55,
              31.200000000000003
            ],
            [
              -91.55,
              31.1
            ]
          ]
        ]
      }
    },
    {
      "type": "Feature",
      "properties": {
        "duration": "3h",
        "threshold_3h_in": 3.16,
        "median_3h_in": 3.16,
        "mean_3h_in": 3.16,
        "weighted_mean_3h_in": 3.16,
        "min_3h_in": 3.16,
        "max_3h_in": 3.16,
        "event_count": 1,
        "threshold_category": "lower_sensitivity",
        "qc_flag": "ok",
        "qc_reason": "ok",
        "used_for_surface": true,
        "threshold_in": 3.16,
        "median_in": 3.16,
        "mean_in": 3.16,
        "weighted_mean_in": 3.16,
        "min_in": 3.16,
        "max_in": 3.16,
        "name": "Local empirical flash flood threshold cell",
        "source": "local_empirical_threshold_fallback",
        "source_url": "https://raw.githubusercontent.com/mefferso/Flash-Flood-Guidance-Map/main/docs/data/threshold_grid.geojson",
        "threshold_duration_hr": 3,
        "threshold_3hr_in": 3.16,
        "note": "Not official RFC Flash Flood Guidance. Derived from local empirical threshold grid for pipeline fallback/testing.",
        "susceptibility": "local empirical threshold"
      },
      "geometry": {
        "type": "Polygon",
        "coordinates": [
          [
            [
              -91.5,
              31.1
            ],
            [
              -91.4,
              31.1
            ],
            [
              -91.4,
              31.200000000000003
            ],
            [
              -91.5,
              31.200000000000003
            ],
            [
              -91.5,
              31.1
            ]
          ]
        ]
      }
    },
    {
      "type": "Feature",
      "properties": {
        "duration": "3h",
        "threshold_3h_in": 1.81,
        "median_3h_in": 1.81,
        "mean_3h_in": 1.81,
        "weighted_mean_3h_in": 1.81,
        "min_3h_in": 1.81,
        "max_3h_in": 1.81,
        "event_count": 1,
        "threshold_category": "high_sensitivity",
        "qc_flag": "ok",
        "qc_reason": "ok",
        "used_for_surface": true,
        "threshold_in": 1.81,
        "median_in": 1.81,
        "mean_in": 1.81,
        "weighted_mean_in": 1.81,
        "min_in": 1.81,
        "max_in": 1.81,
        "name": "Local empirical flash flood threshold cell",
        "source": "local_empirical_threshold_fallback",
        "source_url": "https://raw.githubusercontent.com/mefferso/Flash-Flood-Guidance-Map/main/docs/data/threshold_grid.geojson",
        "threshold_duration_hr": 3,
        "threshold_3hr_in": 1.81,
        "note": "Not official RFC Flash Flood Guidance. Derived from local empirical threshold grid for pipeline fallback/testing.",
        "susceptibility": "local empirical threshold"
      },
      "geometry": {
        "type": "Polygon",
        "coordinates": [
          [
            [
              -90.60000000000001,
              31.1
            ],
            [
              -90.50000000000001,
              31.1
            ],
            [
              -90.50000000000001,
              31.200000000000003
            ],
            [
              -90.60000000000001,
              31.200000000000003
            ],
            [
              -90.60000000000001,
              31.1
            ]
          ]
        ]
      }
    },
    {
      "type": "Feature",
      "properties": {
        "duration": "3h",
        "threshold_3h_in": 3.54,
        "median_3h_in": 3.54,
        "mean_3h_in": 3.54,
        "weighted_mean_3h_in": 3.54,
        "min_3h_in": 3.54,
        "max_3h_in": 3.54,
        "event_count": 1,
        "threshold_category": "lower_sensitivity",
        "qc_flag": "ok",
        "qc_reason": "ok",
        "used_for_surface": true,
        "threshold_in": 3.54,
        "median_in": 3.54,
        "mean_in": 3.54,
        "weighted_mean_in": 3.54,
        "min_in": 3.54,
        "max_in": 3.54,
        "name": "Local empirical flash flood threshold cell",
        "source": "local_empirical_threshold_fallback",
        "source_url": "https://raw.githubusercontent.com/mefferso/Flash-Flood-Guidance-Map/main/docs/data/threshold_grid.geojson",
        "threshold_duration_hr": 3,
        "threshold_3hr_in": 3.54,
        "note": "Not official RFC Flash Flood Guidance. Derived from local empirical threshold grid for pipeline fallback/testing.",
        "susceptibility": "local empirical threshold"
      },
      "geometry": {
        "type": "Polygon",
        "coordinates": [
          [
            [
              -91.60000000000001,
              31.150000000000002
            ],
            [
              -91.50000000000001,
              31.150000000000002
            ],
            [
              -91.50000000000001,
              31.250000000000004
            ],
            [
              -91.60000000000001,
              31.250000000000004
            ],
            [
              -91.60000000000001,
              31.150000000000002
            ]
          ]
        ]
      }
    },
    {
      "type": "Feature",
      "properties": {
        "duration": "3h",
        "threshold_3h_in": 5.64,
        "median_3h_in": 5.64,
        "mean_3h_in": 5.64,
        "weighted_mean_3h_in": 5.64,
        "min_3h_in": 5.64,
        "max_3h_in": 5.64,
        "event_count": 1,
        "threshold_category": "least_sensitive",
        "qc_flag": "ok",
        "qc_reason": "ok",
        "used_for_surface": true,
        "threshold_in": 5.64,
        "median_in": 5.64,
        "mean_in": 5.64,
        "weighted_mean_in": 5.64,
        "min_in": 5.64,
        "max_in": 5.64,
        "name": "Local empirical flash flood threshold cell",
        "source": "local_empirical_threshold_fallback",
        "source_url": "https://raw.githubusercontent.com/mefferso/Flash-Flood-Guidance-Map/main/docs/data/threshold_grid.geojson",
        "threshold_duration_hr": 3,
        "threshold_3hr_in": 5.64,
        "note": "Not official RFC Flash Flood Guidance. Derived from local empirical threshold grid for pipeline fallback/testing.",
        "susceptibility": "local empirical threshold"
      },
      "geometry": {
        "type": "Polygon",
        "coordinates": [
          [
            [
              -91.45,
              31.25
            ],
            [
              -91.35000000000001,
              31.25
            ],
            [
              -91.35000000000001,
              31.35
            ],
            [
              -91.45,
              31.35
            ],
            [
              -91.45,
              31.25
            ]
          ]
        ]
      }
    },
    {
      "type": "Feature",
      "properties": {
        "duration": "3h",
        "threshold_3h_in": 3.33,
        "median_3h_in": 3.33,
        "mean_3h_in": 3.33,
        "weighted_mean_3h_in": 3.33,
        "min_3h_in": 3.33,
        "max_3h_in": 3.33,
        "event_count": 1,
        "threshold_category": "lower_sensitivity",
        "qc_flag": "ok",
        "qc_reason": "ok",
        "used_for_surface": true,
        "threshold_in": 3.33,
        "median_in": 3.33,
        "mean_in": 3.33,
        "weighted_mean_in": 3.33,
        "min_in": 3.33,
        "max_in": 3.33,
        "name": "Local empirical flash flood threshold cell",
        "source": "local_empirical_threshold_fallback",
        "source_url": "https://raw.githubusercontent.com/mefferso/Flash-Flood-Guidance-Map/main/docs/data/threshold_grid.geojson",
        "threshold_duration_hr": 3,
        "threshold_3hr_in": 3.33,
        "note": "Not official RFC Flash Flood Guidance. Derived from local empirical threshold grid for pipeline fallback/testing.",
        "susceptibility": "local empirical threshold"
      },
      "geometry": {
        "type": "Polygon",
        "coordinates": [
          [
            [
              -91.15,
              31.25
            ],
            [
              -91.05000000000001,
              31.25
            ],
            [
              -91.05000000000001,
              31.35
            ],
            [
              -91.15,
              31.35
            ],
            [
              -91.15,
              31.25
            ]
          ]
        ]
      }
    },
    {
      "type": "Feature",
      "properties": {
        "duration": "3h",
        "threshold_3h_in": 4.11,
        "median_3h_in": 4.11,
        "mean_3h_in": 4.11,
        "weighted_mean_3h_in": 4.11,
        "min_3h_in": 4.11,
        "max_3h_in": 4.11,
        "event_count": 1,
        "threshold_category": "least_sensitive",
        "qc_flag": "ok",
        "qc_reason": "ok",
        "used_for_surface": true,
        "threshold_in": 4.11,
        "median_in": 4.11,
        "mean_in": 4.11,
        "weighted_mean_in": 4.11,
        "min_in": 4.11,
        "max_in": 4.11,
        "name": "Local empirical flash flood threshold cell",
        "source": "local_empirical_threshold_fallback",
        "source_url": "https://raw.githubusercontent.com/mefferso/Flash-Flood-Guidance-Map/main/docs/data/threshold_grid.geojson",
        "threshold_duration_hr": 3,
        "threshold_3hr_in": 4.11,
        "note": "Not official RFC Flash Flood Guidance. Derived from local empirical threshold grid for pipeline fallback/testing.",
        "susceptibility": "local empirical threshold"
      },
      "geometry": {
        "type": "Polygon",
        "coordinates": [
          [
            [
              -91.10000000000001,
              31.25
            ],
            [
              -91.00000000000001,
              31.25
            ],
            [
              -91.00000000000001,
              31.35
            ],
            [
              -91.10000000000001,
              31.35
            ],
            [
              -91.10000000000001,
              31.25
            ]
          ]
        ]
      }
    },
    {
      "type": "Feature",
      "properties": {
        "duration": "3h",
        "threshold_3h_in": 2.09,
        "median_3h_in": 2.09,
        "mean_3h_in": 2.09,
        "weighted_mean_3h_in": 2.09,
        "min_3h_in": 2.09,
        "max_3h_in": 2.09,
        "event_count": 1,
        "threshold_category": "moderate_sensitivity",
        "qc_flag": "ok",
        "qc_reason": "ok",
        "used_for_surface": true,
        "threshold_in": 2.09,
        "median_in": 2.09,
        "mean_in": 2.09,
        "weighted_mean_in": 2.09,
        "min_in": 2.09,
        "max_in": 2.09,
        "name": "Local empirical flash flood threshold cell",
        "source": "local_empirical_threshold_fallback",
        "source_url": "https://raw.githubusercontent.com/mefferso/Flash-Flood-Guidance-Map/main/docs/data/threshold_grid.geojson",
        "threshold_duration_hr": 3,
        "threshold_3hr_in": 2.09,
        "note": "Not official RFC Flash Flood Guidance. Derived from local empirical threshold grid for pipeline fallback/testing.",
        "susceptibility": "local empirical threshold"
      },
      "geometry": {
        "type": "Polygon",
        "coordinates": [
          [
            [
              -90.8,
              31.3
            ],
            [
              -90.7,
              31.3
            ],
            [
              -90.7,
              31.400000000000002
            ],
            [
              -90.8,
              31.400000000000002
            ],
            [
              -90.8,
              31.3
            ]
          ]
        ]
      }
    },
    {
      "type": "Feature",
      "properties": {
        "duration": "3h",
        "threshold_3h_in": 2.72,
        "median_3h_in": 2.72,
        "mean_3h_in": 2.72,
        "weighted_mean_3h_in": 2.72,
        "min_3h_in": 2.72,
        "max_3h_in": 2.72,
        "event_count": 1,
        "threshold_category": "moderate_sensitivity",
        "qc_flag": "ok",
        "qc_reason": "ok",
        "used_for_surface": true,
        "threshold_in": 2.72,
        "median_in": 2.72,
        "mean_in": 2.72,
        "weighted_mean_in": 2.72,
        "min_in": 2.72,
        "max_in": 2.72,
        "name": "Local empirical flash flood threshold cell",
        "source": "local_empirical_threshold_fallback",
        "source_url": "https://raw.githubusercontent.com/mefferso/Flash-Flood-Guidance-Map/main/docs/data/threshold_grid.geojson",
        "threshold_duration_hr": 3,
        "threshold_3hr_in": 2.72,
        "note": "Not official RFC Flash Flood Guidance. Derived from local empirical threshold grid for pipeline fallback/testing.",
        "susceptibility": "local empirical threshold"
      },
      "geometry": {
        "type": "Polygon",
        "coordinates": [
          [
            [
              -90.55,
              31.3
            ],
            [
              -90.45,
              31.3
            ],
            [
              -90.45,
              31.400000000000002
            ],
            [
              -90.55,
              31.400000000000002
            ],
            [
              -90.55,
              31.3
            ]
          ]
        ]
      }
    }
  ]
}